LotArea,YearBuilt,OverallQual,OverallCond,GrLivArea,GarageCars,FullBath,BedroomAbvGr,TotRmsAbvGrd,Neighborhood,SalePrice
9270,1911,8,6,3301,3,2,1,10,Mitchel,125955
2860,1919,10,2,2910,3,2,5,3,CollgCr,496164
7390,1904,6,8,1806,1,2,3,5,CollgCr,197748
7191,1936,3,9,2076,1,3,4,10,CollgCr,144791
13964,1937,7,4,835,0,3,3,5,Crawfor,212586
13284,1993,4,5,2709,4,2,3,4,CollgCr,420862
7734,1908,9,8,3731,0,0,4,2,CollgCr,72650
8265,1997,5,3,1997,3,2,1,8,Mitchel,400434
2466,1952,3,5,3893,1,1,4,7,Crawfor,127701
6426,1943,2,3,2559,3,3,1,11,Crawfor,322827
7578,1998,2,10,1947,3,3,3,5,CollgCr,279164
13636,2015,3,3,3644,2,2,1,7,Crawfor,130978
13363,2021,2,3,1087,2,2,5,7,Veenker,54860
13111,1985,4,7,2381,3,0,4,14,Crawfor,184801
10322,2007,2,7,700,1,0,5,5,Crawfor,81351
3685,1923,10,7,1021,3,1,3,14,Crawfor,374888
2769,1980,9,10,2387,2,2,4,7,NoRidge,205418
12583,1973,2,8,3052,1,2,3,11,NoRidge,432342
8949,1929,9,5,2211,3,2,5,12,NoRidge,386299
4433,2019,6,5,1287,4,3,3,9,Crawfor,171449
7311,1958,1,4,3610,4,1,4,14,Veenker,126700
7051,2009,4,7,559,3,0,4,4,Crawfor,285486
8420,1986,1,10,1077,1,3,3,5,CollgCr,319099
3184,1995,6,4,820,3,3,4,11,Veenker,307571
6555,1980,4,2,1958,3,3,4,14,NoRidge,487509
5385,2013,3,4,3979,2,3,3,13,Mitchel,242408
14309,2014,3,8,2537,4,1,5,2,Veenker,333806
8396,1980,9,9,1422,2,2,4,5,NoRidge,56408
13096,1913,6,3,1909,2,0,4,12,Veenker,221475
10666,1908,9,7,2194,3,0,4,11,Veenker,313369
11274,1939,5,9,1068,2,3,4,11,Crawfor,455412
4558,1965,2,4,1601,4,3,3,13,CollgCr,196444
9849,2008,8,10,3765,2,1,5,10,Mitchel,307320
4047,1924,5,3,3856,4,3,5,9,NoRidge,67279
4747,2002,2,5,1026,2,0,1,12,Veenker,160401
11167,1972,4,1,3071,4,0,4,5,Mitchel,276801
11998,2017,9,3,3160,2,2,4,13,Veenker,297380
2189,1921,4,8,3727,2,2,1,8,CollgCr,497456
4734,2006,4,8,3911,1,0,5,11,Mitchel,404548
5005,2009,2,4,2672,4,0,2,4,NoRidge,219259
6658,1903,6,2,1370,4,1,2,10,Veenker,297145
3899,1925,2,8,779,4,1,5,11,CollgCr,360625
9734,1957,7,8,3464,0,0,4,5,Mitchel,209547
3267,1928,3,10,3169,2,3,2,3,Veenker,94552
3528,2008,3,4,3393,4,2,3,11,Veenker,249041
13394,1997,5,3,2392,0,0,3,6,NoRidge,257606
5556,1986,3,2,2251,1,3,1,3,CollgCr,280677
5890,1936,2,9,1173,4,0,5,11,Crawfor,311869
10838,1974,10,1,1651,4,2,5,7,Veenker,450074
13080,1969,9,7,2861,0,2,2,12,Mitchel,255558
7393,1917,2,5,831,2,1,4,11,NoRidge,124474
12627,1984,2,8,1673,1,1,5,2,NoRidge,337312
10792,1941,8,4,2539,4,1,2,7,Veenker,82099
12555,1999,9,7,1977,2,1,2,5,Veenker,252252
12253,1940,7,5,535,1,2,5,4,Veenker,290454
10433,1937,3,5,2208,3,3,2,3,Crawfor,373599
12233,1933,9,9,1943,3,3,1,8,Veenker,104240
13016,1916,3,9,3593,1,3,1,10,CollgCr,386940
9513,1936,5,9,2753,0,0,5,13,Mitchel,366736
4612,1924,9,6,3186,1,1,4,4,Veenker,310746
9041,2001,3,6,3395,1,1,1,7,Crawfor,434325
11555,2021,7,5,1879,0,2,1,10,Mitchel,302051
8235,1975,1,9,939,0,2,5,3,NoRidge,490674
7486,1986,4,10,3276,2,0,3,8,Veenker,151611
9099,2016,4,8,1619,2,0,2,6,Mitchel,108046
11670,2005,7,7,3488,0,3,1,6,NoRidge,300468
12748,1985,8,7,663,3,2,3,12,Crawfor,66488
2775,1984,1,6,647,3,1,4,8,CollgCr,239913
14206,1926,5,5,2841,1,3,3,10,Veenker,430665
10226,1956,7,4,694,4,1,5,5,CollgCr,443611
5152,1930,4,3,1162,1,3,4,10,Crawfor,233741
12147,1905,4,3,979,1,1,4,14,Mitchel,191917
3585,1990,4,6,622,4,0,3,12,Mitchel,217131
5943,1939,6,4,1923,0,3,5,11,Crawfor,68394
9555,1997,7,6,3246,3,1,1,10,Crawfor,406137
5073,1911,2,3,1464,1,1,3,14,Veenker,226978
3021,2008,5,4,3208,4,2,1,5,NoRidge,109332
13653,2020,4,9,3675,2,3,3,4,CollgCr,218377
12805,1952,3,5,2278,1,1,1,3,CollgCr,92628
5843,1970,7,7,1985,3,2,3,10,Mitchel,333496
9989,1909,6,10,2514,0,1,4,13,Mitchel,395115
11692,1944,7,2,1209,1,3,2,3,Veenker,101993
14990,1916,5,5,2943,1,0,4,7,Crawfor,220458
8873,1925,6,9,1411,4,3,1,6,CollgCr,415171
7675,1984,5,3,1860,2,3,5,6,Veenker,499840
2161,1991,7,9,3552,2,1,4,5,Mitchel,432356
6297,1961,2,6,3713,0,1,2,7,Mitchel,58539
12173,2021,5,4,2864,3,3,1,6,CollgCr,182335
2995,1945,6,7,2234,0,2,4,12,Mitchel,456521
13534,1963,6,8,2323,1,2,3,5,Mitchel,365961
14743,1901,5,6,2079,1,2,5,14,NoRidge,467614
9629,2023,10,5,3972,2,1,1,10,Crawfor,290310
13990,1953,7,6,1180,3,1,4,14,Mitchel,256873
11467,2006,10,5,1833,4,3,1,7,NoRidge,361251
3016,1964,8,8,3042,3,0,3,12,Veenker,475368
9869,1950,7,1,1055,1,1,2,11,Mitchel,473840
8439,1952,5,7,1109,4,3,4,11,Veenker,441384
9892,1935,1,10,2656,3,3,1,14,Mitchel,411799
8863,2014,5,10,871,3,0,1,11,CollgCr,106132
9916,1925,10,2,3402,4,2,1,14,NoRidge,437845
10529,1928,2,9,1115,1,3,2,4,NoRidge,155494
2878,1920,5,1,3315,3,3,1,11,CollgCr,365123
11268,1910,5,10,2414,4,3,5,7,Crawfor,370157
6887,1939,2,6,2753,1,2,5,2,NoRidge,275997
14185,1910,5,9,1346,4,2,1,6,Veenker,113797
6859,1935,4,1,542,4,0,5,11,NoRidge,101798
8331,2012,1,4,1364,3,1,4,7,Crawfor,197722
10571,1958,3,4,1768,1,2,5,12,Veenker,469230
10684,1938,1,9,3858,3,1,1,9,Veenker,126421
9208,2003,5,5,1878,0,1,3,12,CollgCr,319578
7276,1998,4,5,1284,0,2,4,10,Mitchel,342172
4062,1953,7,6,975,1,3,2,12,CollgCr,116558
14076,1997,5,1,582,4,0,1,4,Mitchel,336475
2064,1954,10,1,1633,3,1,2,3,CollgCr,117573
10006,2010,4,9,2737,3,3,3,14,Mitchel,179473
4568,1923,2,3,1299,1,2,2,5,NoRidge,227398
7463,2017,4,4,1435,1,1,1,9,Veenker,395123
4027,1921,2,1,2798,0,1,1,12,Mitchel,316267
4695,1968,8,9,2838,2,1,3,9,NoRidge,328747
11687,1955,3,8,2168,1,3,1,4,Crawfor,378085
7258,1932,9,2,3772,2,3,3,5,CollgCr,92597
7618,2021,4,8,825,1,3,3,4,Crawfor,244310
8736,1935,6,7,2034,4,1,1,11,NoRidge,396382
2391,2010,10,6,3980,4,1,5,3,Crawfor,485935
14706,1919,5,1,2485,0,0,3,5,Crawfor,272858
14666,1982,10,7,2464,0,0,1,7,NoRidge,353895
7892,1998,1,10,1336,2,3,5,12,Veenker,438606
5561,2015,9,7,1007,1,3,3,12,Mitchel,136978
12470,2006,1,9,3278,3,2,5,6,CollgCr,329837
8184,1980,8,1,2619,0,3,4,4,Mitchel,218769
5099,1961,9,2,1770,3,0,4,3,CollgCr,406668
8278,2022,9,9,1140,3,0,5,10,Mitchel,410013
10392,2008,1,9,3487,1,0,3,2,Crawfor,211064
5104,2006,2,6,2378,2,1,1,10,Veenker,375969
9215,1997,1,6,1107,1,1,2,2,Crawfor,190594
14790,1972,10,4,2458,0,3,1,8,Veenker,442619
4454,1925,2,4,1065,3,2,2,7,NoRidge,357550
13837,1965,10,5,1867,1,2,2,8,CollgCr,288078
10996,2016,8,3,2601,1,2,3,4,CollgCr,290140
4731,1972,5,1,2253,1,1,5,4,NoRidge,193193
12965,1972,7,1,3075,0,0,1,14,Mitchel,173371
10154,1939,2,7,3158,2,0,5,12,NoRidge,457435
11762,1916,8,1,2081,1,1,4,2,NoRidge,313761
7056,1900,6,1,2486,0,2,3,5,Veenker,93016
10110,1988,8,3,2740,3,2,3,13,NoRidge,493888
12882,1960,1,10,2605,4,3,4,3,CollgCr,336420
5840,1942,1,4,3682,0,3,1,11,Crawfor,280959
3028,2003,7,4,628,4,2,4,9,Veenker,384384
9385,1941,8,2,2372,1,1,1,4,Veenker,418436
2502,1924,3,1,1205,1,2,2,8,Mitchel,236807
8910,1938,5,3,1351,0,3,3,8,Crawfor,67959
14685,1934,1,4,3897,4,2,1,13,Veenker,78522
11062,1902,7,3,507,1,1,5,10,NoRidge,499303
8938,2013,5,8,2576,3,0,5,7,Veenker,453169
6488,2000,8,10,1635,2,1,3,2,Veenker,76567
2206,2007,8,1,3494,2,1,4,9,Veenker,112708
7134,1943,9,2,2678,1,3,4,2,Mitchel,176206
7977,1950,7,7,2735,4,1,1,4,Veenker,72560
9721,1993,1,4,2198,1,1,4,12,Veenker,108390
9035,2001,3,8,3256,4,3,3,6,Mitchel,175772
3484,1997,8,3,1998,3,3,1,9,Crawfor,479876
9858,1911,3,6,3935,4,0,2,10,CollgCr,357248
2863,1918,8,9,3775,1,2,4,8,Mitchel,107805
4790,2000,1,1,2759,3,1,4,10,Mitchel,286109
9408,1943,5,1,2144,0,3,1,12,Veenker,336640
10755,1958,4,8,775,2,0,5,4,Veenker,264373
7116,2022,5,3,3644,1,2,4,14,CollgCr,141257
14383,1948,8,5,2202,1,3,3,6,Veenker,53515
8019,1960,10,1,2295,1,2,4,11,NoRidge,54454
3757,1916,4,5,742,3,2,2,9,Veenker,287145
9574,1973,4,6,3673,0,1,4,13,Veenker,72873
8374,1956,3,8,3534,4,1,5,2,NoRidge,386064
8892,1954,7,3,3232,0,3,4,9,CollgCr,325871
3678,2012,3,3,670,3,2,1,8,NoRidge,178376
5242,1946,3,10,1152,1,3,4,2,Mitchel,119070
6636,1911,10,9,2432,2,3,5,14,NoRidge,411203
3059,1961,5,4,2735,1,2,1,14,Crawfor,174564
8668,1979,5,4,1609,4,3,3,11,Mitchel,278497
11914,1987,6,7,1999,2,2,1,13,Veenker,167213
13506,1982,8,2,2599,1,2,2,11,Mitchel,231051
5157,1907,10,8,2658,2,2,1,13,CollgCr,75465
7915,1994,6,6,2472,0,2,3,7,CollgCr,234972
12817,1920,1,3,3424,3,0,4,2,NoRidge,109799
12921,1980,8,9,1566,1,2,1,3,Mitchel,146129
11789,1986,8,5,2758,4,1,1,6,Veenker,464546
13252,2000,9,8,2535,0,1,1,3,CollgCr,189374
4693,2017,9,7,3771,1,1,1,11,Veenker,419432
5627,1979,2,8,1357,0,2,3,2,Crawfor,293761
11555,1969,2,7,3174,4,1,5,7,CollgCr,292821
12173,1971,3,3,1549,1,0,5,9,NoRidge,62875
7450,1924,1,2,798,4,3,1,9,Crawfor,77219
3663,1981,4,7,3648,2,2,3,14,Mitchel,348326
11721,1988,4,3,1423,4,1,3,14,Veenker,261613
12230,1911,9,3,636,2,0,1,9,CollgCr,485485
7592,1914,9,2,1543,1,3,2,12,Crawfor,391925
13494,1958,9,4,2987,2,0,1,7,Crawfor,56457
12429,1925,10,8,710,1,1,2,12,CollgCr,449965
9392,2004,7,1,3299,1,0,1,4,Mitchel,83064
3306,2008,2,1,2074,3,3,2,2,Mitchel,453037
14221,1925,10,5,2982,1,1,2,3,NoRidge,165256
8776,1946,5,5,1279,2,3,1,6,Mitchel,410441
12867,1931,4,1,1730,3,0,2,14,NoRidge,284659
7864,1909,8,6,2986,3,2,4,11,Crawfor,259727
11474,1915,2,1,2302,1,2,5,6,CollgCr,450880
9526,1970,6,5,3213,4,2,3,11,Mitchel,210353
10901,1916,5,9,1565,4,2,2,2,NoRidge,308063
7575,1922,2,5,910,3,3,2,2,Crawfor,286887
7530,1925,10,6,3353,1,2,3,10,Mitchel,475037
14936,1984,1,8,3157,4,3,2,3,Veenker,284841
6413,1985,8,1,926,1,1,3,8,Crawfor,467863
5748,2021,2,2,3846,1,2,1,11,Mitchel,119918
14971,1906,7,9,1971,3,3,4,5,Crawfor,263057
2663,1913,9,3,3449,3,2,4,8,CollgCr,402323
3998,1978,9,6,1441,0,2,5,9,CollgCr,387088
9994,2016,8,5,2407,4,2,2,6,CollgCr,139142
13637,1906,10,2,1241,4,3,5,14,Veenker,77603
13935,1908,9,7,1892,4,0,1,13,CollgCr,358602
3495,2014,2,4,1743,2,2,4,13,Veenker,120605
5304,1947,6,1,2100,1,2,1,2,CollgCr,331767
5763,1971,4,4,1755,3,1,1,5,Crawfor,94440
7232,2013,4,6,827,4,0,2,11,Mitchel,394571
3853,1958,5,7,1966,0,3,1,4,Mitchel,450920
8585,1986,3,7,2599,4,1,4,11,CollgCr,405970
14851,1992,1,7,2466,1,2,5,13,Mitchel,339604
3291,1981,8,3,875,1,1,4,6,CollgCr,264117
5581,1994,5,6,762,3,1,2,11,CollgCr,263877
13649,1993,3,8,766,2,2,4,14,NoRidge,160373
9554,2015,10,4,2906,3,0,3,11,NoRidge,449781
9280,1938,7,8,3888,4,0,5,14,NoRidge,317014
3636,1998,7,2,3895,0,1,3,7,Veenker,68909
5696,1917,1,10,2444,3,2,3,3,NoRidge,321261
13191,1958,9,9,2393,2,3,2,8,CollgCr,299975
13344,2005,2,9,2401,3,1,1,14,Crawfor,379618
2698,2002,5,8,3199,1,3,3,4,NoRidge,143926
12352,1916,5,10,2152,4,1,4,2,NoRidge,487538
14289,1913,8,10,1944,4,1,1,11,Crawfor,177463
6737,1930,8,1,545,4,2,4,4,CollgCr,151536
2854,1923,7,2,1099,4,2,4,10,Veenker,332272
10164,1998,7,6,1219,4,3,1,11,NoRidge,301981
7855,2007,6,10,2412,4,3,1,12,Crawfor,381145
9392,1959,6,5,1792,0,0,4,12,CollgCr,312584
8528,1944,9,9,1100,2,2,2,7,Mitchel,230685
13666,1997,6,5,880,4,1,5,12,Veenker,173491
7249,1902,2,2,617,2,1,5,7,Crawfor,454879
7172,1936,2,10,2663,4,0,2,5,Crawfor,200619
3707,1942,5,4,759,3,2,1,9,Crawfor,131662
12969,1939,4,9,1598,4,1,4,6,NoRidge,286128
7791,1989,2,1,2003,1,0,5,8,Mitchel,50005
11925,1954,3,1,2852,0,0,4,10,Veenker,284152
7535,1986,7,7,2554,3,1,2,14,CollgCr,319182
6931,2007,8,3,865,3,1,4,14,CollgCr,318558
5510,1938,6,10,2157,1,3,2,6,Mitchel,381650
2202,1914,5,2,3070,4,2,1,12,Crawfor,388730
13447,2019,1,9,3919,0,3,2,6,Crawfor,445822
6218,2012,8,3,1961,3,0,2,5,Crawfor,328626
14688,1903,3,2,2524,0,1,5,7,Crawfor,279901
10958,1992,6,8,3786,3,3,4,3,Crawfor,252945
6389,1985,3,10,2976,4,0,5,4,Mitchel,83948
4327,1924,7,6,1290,3,2,3,2,NoRidge,402131
10004,1912,7,6,1246,3,1,2,3,Veenker,272873
4931,1981,9,10,2914,2,3,3,3,Crawfor,272322
9777,1932,5,7,812,4,2,5,9,NoRidge,70875
2197,1915,8,7,1037,1,3,4,9,CollgCr,325201
9125,2008,10,6,1420,1,0,5,3,Mitchel,82400
3930,1941,10,4,1577,4,2,4,14,NoRidge,118607
13774,2007,8,9,1990,1,3,4,7,Crawfor,399705
8287,1965,1,6,3412,4,2,1,6,Crawfor,339647
10800,1954,5,4,3735,1,0,2,4,Crawfor,466981
13464,1998,3,3,3329,2,2,5,6,NoRidge,151096
11339,1941,1,4,2881,1,3,4,6,Crawfor,96612
6282,1933,4,3,1297,3,0,5,6,NoRidge,410462
13589,1929,8,2,847,4,1,5,4,Crawfor,311538
4511,2022,3,5,772,0,3,4,4,CollgCr,134335
11986,2018,10,2,3510,0,3,3,5,CollgCr,413133
2659,1912,2,6,1219,4,0,2,8,Veenker,143012
4811,1912,9,3,2273,2,0,2,13,Crawfor,131748
9098,1917,10,6,3985,1,1,1,13,Crawfor,452644
8546,1931,5,10,3047,2,3,1,13,NoRidge,212491
11561,1995,7,9,3664,0,0,1,3,NoRidge,115195
3986,1998,2,1,1184,4,1,2,11,Crawfor,254767
10338,2022,9,6,2626,4,1,3,5,Veenker,139846
13411,1938,9,9,1121,2,0,2,5,Crawfor,152404
4911,1945,4,4,2539,2,3,2,2,NoRidge,351286
3734,2015,4,2,3788,1,2,2,11,Crawfor,311320
3843,1928,6,4,1446,3,2,2,9,NoRidge,121540
10680,1961,10,1,2905,3,1,3,2,Crawfor,219361
4976,2012,10,3,3165,1,2,1,9,Mitchel,389092
3959,1992,10,10,1006,3,2,5,8,NoRidge,371095
7759,1961,6,9,2082,0,0,1,10,Veenker,61755
8694,2016,1,10,3752,3,1,1,9,Mitchel,302915
4385,2007,9,5,3123,1,3,5,6,Crawfor,430129
13111,1956,2,6,3817,3,1,2,9,NoRidge,134553
6736,1915,5,3,743,4,0,3,12,Mitchel,184962
3802,1955,9,5,1005,2,2,3,11,Veenker,406520
10155,2007,4,8,921,0,3,1,13,NoRidge,306760
10120,2010,3,6,3891,4,1,5,13,Mitchel,67175
8616,2020,7,4,3658,4,2,4,4,Mitchel,377831
7534,1909,6,2,2764,1,1,2,11,Mitchel,397127
6061,1929,8,9,3849,2,3,1,8,CollgCr,275783
13561,1924,3,1,2372,2,1,3,13,Crawfor,205360
2262,2002,5,1,3556,0,1,5,5,NoRidge,96629
8287,1983,10,4,1692,1,1,5,6,NoRidge,166779
10815,1904,4,7,829,0,2,1,10,NoRidge,228872
11208,1964,4,1,1149,3,3,4,8,Mitchel,218439
13835,1993,4,9,1964,4,3,3,5,Crawfor,380657
4049,1948,10,4,890,0,2,1,7,Veenker,132762
7423,1902,8,3,2019,4,2,4,11,NoRidge,210094
13915,1944,6,1,880,1,2,5,12,Crawfor,250401
6548,1913,3,10,3877,3,0,2,8,Crawfor,444875
5108,2019,10,4,1241,1,1,3,14,CollgCr,107941
14282,1929,5,9,2510,3,1,3,11,NoRidge,481146
9158,2013,6,10,1319,3,3,4,14,Mitchel,355617
12248,1967,5,6,1172,4,1,1,10,Crawfor,236670
9400,1917,6,6,3060,1,0,5,5,Crawfor,66040
5170,1961,8,1,2271,1,2,4,11,Veenker,119806
11874,1936,7,10,3496,0,3,2,4,CollgCr,194358
4255,1924,5,2,1711,1,3,2,9,Crawfor,250211
3154,1947,10,6,1429,0,1,2,2,Crawfor,162076
6499,1964,6,2,2039,2,3,4,10,Mitchel,105916
8295,1952,4,3,1412,2,2,5,14,Mitchel,198672
8197,2009,9,4,1143,2,3,3,2,Veenker,445507
13383,1978,4,5,926,1,2,1,3,Veenker,456339
11888,1972,1,9,1001,1,0,3,14,Veenker,315955
14183,1914,7,4,1229,0,0,5,9,Mitchel,81276
14915,1948,7,9,1783,3,2,3,10,Mitchel,235217
14874,2020,4,10,2618,0,1,4,8,CollgCr,489835
3648,1987,3,3,3025,2,3,2,4,NoRidge,393193
7539,1967,8,8,3749,0,1,5,8,NoRidge,251750
11637,1911,5,1,956,3,3,5,7,CollgCr,269854
6199,1958,10,9,2736,1,0,3,3,NoRidge,272115
14115,2021,7,9,790,0,0,4,4,Mitchel,469930
10445,1936,4,10,1419,2,0,3,12,NoRidge,236757
13375,1960,4,2,2839,2,3,3,14,Mitchel,193266
4557,2000,8,4,2469,1,0,5,13,CollgCr,385206
7592,1942,8,8,1255,0,0,3,14,Veenker,200434
2098,2023,2,7,2158,3,0,2,11,CollgCr,366643
4200,1969,2,1,2334,1,0,3,11,NoRidge,96281
4961,1938,3,5,1806,0,1,2,14,Mitchel,356996
6973,1955,3,7,2067,4,0,5,13,NoRidge,312120
6433,1962,1,4,2369,2,0,4,6,NoRidge,303693
13969,1945,3,1,876,3,1,2,11,Veenker,228908
4869,1987,6,9,1679,3,1,4,5,NoRidge,54595
13426,1910,8,5,1007,3,3,4,3,Veenker,145930
13983,1961,10,2,1936,2,2,2,5,Mitchel,196474
2956,1976,6,8,3075,0,0,5,13,Mitchel,311745
14259,1997,5,2,3926,1,0,1,9,Veenker,246355
10352,1924,4,3,1058,0,0,4,6,CollgCr,404820
7699,1970,3,10,3758,1,3,4,6,Mitchel,223795
8944,1951,4,1,3602,3,0,5,14,CollgCr,232394
6493,1903,7,2,2807,0,2,5,13,Mitchel,227836
11492,1958,1,7,920,3,1,3,13,Mitchel,468127
6911,1971,7,10,2052,4,3,5,11,Crawfor,272360
5987,1919,1,2,803,3,1,4,4,NoRidge,331549
11719,1992,2,6,1441,3,0,2,14,NoRidge,108122
8015,1962,4,3,3610,1,0,1,9,CollgCr,280561
3218,1953,1,4,3089,4,0,3,7,NoRidge,282661
6496,2016,9,8,1801,3,2,2,3,CollgCr,178909
6735,2014,6,3,3774,3,2,1,3,Mitchel,315591
13296,2008,1,10,1589,4,3,1,10,Crawfor,234215
12927,2009,1,6,2655,4,1,1,14,Crawfor,60662
6555,1973,6,1,2815,0,0,2,8,Mitchel,108282
11146,2006,4,7,2769,1,0,3,11,Veenker,448115
10050,1997,4,8,2327,4,0,3,10,Veenker,340726
14757,1956,6,8,2053,4,0,1,7,NoRidge,117471
5446,1989,7,3,3661,2,2,2,6,CollgCr,173513
3045,1940,9,10,1192,4,1,1,13,Crawfor,223285
8893,2012,10,1,754,1,1,5,2,NoRidge,157578
3693,2021,5,9,1978,3,3,3,13,Mitchel,388015
5436,1902,9,6,2800,3,2,4,7,Crawfor,133205
10754,2019,4,9,756,3,0,1,7,CollgCr,386225
12677,1905,10,7,2930,3,1,5,4,CollgCr,417927
7895,1904,2,1,941,2,1,3,4,Veenker,284631
5354,1904,3,1,2381,4,2,2,4,NoRidge,133805
2225,1953,1,6,3146,3,3,3,4,Mitchel,174698
6893,1946,6,5,1613,0,3,2,8,Crawfor,218902
9022,1986,6,9,2937,3,0,2,11,CollgCr,450282
11151,1948,1,2,1081,4,3,1,12,Crawfor,60712
7600,1908,3,8,3615,3,1,1,3,Mitchel,393671
14740,1998,5,5,2235,2,3,3,11,Crawfor,441597
13259,1919,3,2,3145,1,0,5,14,NoRidge,176888
9996,2021,10,10,518,1,1,3,11,Veenker,282398
11007,2012,3,6,1624,4,3,4,3,Crawfor,246437
14946,1960,10,10,3154,1,3,2,4,Veenker,137185
9683,2022,3,8,1880,1,2,2,11,Mitchel,411995
6642,2005,5,4,2065,0,0,1,13,Veenker,474022
13312,1934,5,2,2580,4,3,5,8,Crawfor,62210
9679,1949,4,5,2493,4,2,1,4,Crawfor,86972
10208,1981,1,2,3800,1,1,4,8,CollgCr,286966
9339,1961,5,2,2047,1,2,3,10,Crawfor,346280
11435,1916,10,6,1361,1,2,3,12,Veenker,487513
4205,1987,5,10,654,2,3,5,11,CollgCr,428589
12716,1902,4,9,3994,3,3,1,13,Crawfor,328089
3069,1931,6,4,1404,2,3,1,12,Crawfor,276273
5444,1998,10,6,1769,4,2,4,5,Mitchel,485693
12757,2001,4,7,904,0,1,3,8,CollgCr,391324
3060,1912,7,6,1343,3,0,1,10,Mitchel,382597
4327,2019,7,8,2282,0,2,5,9,Mitchel,397548
5420,2024,2,4,2064,4,3,3,9,Mitchel,456440
2301,2010,3,1,1684,4,0,4,10,NoRidge,53052
14468,1988,1,7,1246,0,1,5,6,Mitchel,339416
2606,1972,8,3,2225,0,0,2,6,Veenker,353294
5170,1967,9,6,3688,0,3,4,4,Crawfor,277276
2699,1913,4,2,770,4,2,5,6,NoRidge,198388
7088,2000,6,9,1269,1,2,1,9,Mitchel,496605
11331,1997,9,1,2215,0,3,2,13,Crawfor,188312
2190,1910,6,6,2010,3,2,4,6,CollgCr,409239
12492,2004,9,6,671,4,3,1,5,CollgCr,380918
2980,1955,4,5,773,2,2,2,9,Crawfor,355319
4975,1966,8,5,2806,2,2,3,8,Veenker,443781
8102,2022,9,1,1658,3,2,1,7,Crawfor,66375
3184,1991,4,10,2206,1,1,5,6,Crawfor,75710
5327,1928,5,5,2271,0,1,4,6,NoRidge,230967
5394,1908,8,2,921,4,3,2,14,CollgCr,304624
10319,1966,10,7,1944,0,1,1,11,CollgCr,196246
12257,1924,6,3,1709,4,3,3,3,Mitchel,419170
3816,1997,7,4,2911,2,0,4,14,Crawfor,77597
7854,1975,3,3,2925,0,0,4,5,Crawfor,386433
8709,1941,7,3,1079,3,1,1,9,Veenker,481613
2569,1908,8,4,1390,1,0,3,9,CollgCr,476285
7442,1978,10,5,1221,3,0,2,12,Veenker,135687
3895,1939,6,1,3767,1,2,1,2,NoRidge,168968
4733,1924,10,4,1380,0,2,2,3,Mitchel,90274
5863,1904,9,8,1621,0,3,4,6,Veenker,253570
14913,1910,6,10,3152,1,0,2,10,CollgCr,481413
9455,1958,9,7,2507,2,3,3,11,NoRidge,98634
6014,1997,4,9,2569,4,3,5,12,Crawfor,342185
13093,1987,8,5,1973,3,0,3,13,NoRidge,450464
3686,2023,4,10,3743,3,1,2,14,Veenker,397509
5009,1978,2,4,882,3,0,1,12,CollgCr,445419
9806,1937,10,8,2681,0,2,4,8,Veenker,364130
2154,1971,9,9,1949,3,0,5,11,Crawfor,337514
12729,2022,5,7,3596,4,1,1,6,Crawfor,347391
3409,1904,4,7,3050,4,3,1,2,CollgCr,436547
14249,1947,2,5,3756,1,3,3,7,Mitchel,431688
2784,1989,1,4,3656,0,2,2,13,NoRidge,256994
13367,1917,7,10,2090,4,2,3,9,NoRidge,306480
10096,1969,6,1,2286,2,2,2,8,Crawfor,443650
9560,1936,2,10,643,0,3,3,3,Veenker,112982
14533,1959,8,10,2386,0,2,1,13,Veenker,377324
9343,1947,4,7,2202,4,0,4,6,Mitchel,158534
9206,1976,8,1,1935,2,3,2,12,Veenker,215546
7596,1927,7,1,723,1,1,5,5,NoRidge,336788
7801,1968,5,5,719,4,3,5,10,Veenker,88493
4806,1976,10,9,678,2,0,1,11,Mitchel,395968
2537,1980,10,6,2154,0,0,3,2,NoRidge,447175
7986,2013,8,3,932,2,2,3,13,Veenker,359433
3841,1939,9,3,764,0,3,1,7,NoRidge,454359
12647,1944,5,7,1453,4,3,5,4,Crawfor,482809
10716,1995,10,6,928,4,3,5,12,Crawfor,482331
8971,1961,5,9,2963,3,1,3,10,Crawfor,292217
7625,1992,2,6,3274,3,2,2,6,Veenker,203612
4950,2014,5,5,2744,3,0,4,14,Mitchel,347625
9992,1957,3,10,2077,4,0,2,7,NoRidge,276577
14323,1966,7,7,3624,1,2,5,12,CollgCr,127097
6780,1955,10,1,979,4,0,2,10,Crawfor,334722
14307,1939,5,7,1853,2,0,4,10,Crawfor,456003
4368,1997,8,3,3822,4,2,2,9,CollgCr,384192
14039,1939,1,9,1389,4,0,2,10,CollgCr,233951
8655,1990,3,6,1424,0,3,2,5,Veenker,191668
10173,1976,3,9,2670,0,1,2,7,NoRidge,463146
6495,2008,9,5,2402,0,2,1,6,Crawfor,229022
12893,1932,5,7,1910,4,1,5,6,Mitchel,407881
11163,1905,9,4,1862,1,0,4,5,Veenker,330831
8002,1987,9,7,1277,2,0,5,3,Veenker,496049
8614,1918,1,1,2895,2,3,1,13,Mitchel,172540
11358,1979,2,7,528,1,2,1,7,Mitchel,217061
7919,1939,5,8,3522,1,0,1,10,Mitchel,342327
12966,1991,4,5,534,2,2,1,13,CollgCr,332902
12174,1996,10,2,1919,3,2,2,2,Crawfor,182154
2853,1958,9,5,3170,0,2,5,8,CollgCr,288013
6146,1958,7,6,3865,0,2,3,7,Crawfor,146368
13928,1947,6,2,1088,2,2,4,4,CollgCr,95891
5769,1940,7,6,3920,1,1,1,2,NoRidge,489026
2574,1912,1,6,3718,3,3,5,14,Crawfor,96901
13453,2006,1,1,3638,2,2,1,5,Veenker,416056
3148,1944,8,1,1403,0,1,1,10,Crawfor,121062
8293,1988,2,10,3067,4,0,1,3,Crawfor,202635
8457,1952,10,3,2669,1,2,1,4,Crawfor,384152
9509,1941,9,10,839,4,0,1,3,NoRidge,445991
11907,1999,7,10,674,2,2,4,3,CollgCr,459044
6777,1962,6,3,2423,0,1,5,11,Veenker,330118
5854,1926,1,4,2214,3,1,1,12,CollgCr,203460
4491,1937,1,2,1096,4,1,1,12,CollgCr,130591
12852,1959,2,9,950,3,3,1,9,Mitchel,302990
5124,1906,6,10,1056,0,0,1,4,NoRidge,330759
7691,1904,6,7,1659,4,3,2,8,Mitchel,481102
5051,2006,2,7,3587,3,2,2,9,NoRidge,72838
2004,1944,1,6,1856,3,0,3,4,CollgCr,352872
7222,1957,10,3,3766,4,1,1,3,CollgCr,166249
7315,2020,5,6,2556,0,0,3,14,NoRidge,128000
6869,2014,5,8,2881,3,1,4,14,CollgCr,364942
2876,1930,2,8,3904,2,3,3,9,CollgCr,462838
11183,1922,6,9,1516,4,3,5,4,Veenker,194608
9027,1941,9,1,2874,1,1,2,8,Mitchel,186772
6142,1909,2,1,2562,1,1,2,13,Mitchel,219911
8966,1931,10,3,1338,0,2,1,2,Mitchel,322392
9079,2006,2,3,2137,2,3,1,13,Crawfor,95291
9987,1952,3,10,725,3,3,4,7,Veenker,394773
8799,1929,7,8,3996,1,2,4,13,Mitchel,265963
14556,1938,6,10,2313,0,3,5,13,Mitchel,175612
6465,1930,8,1,3979,2,1,1,14,Veenker,67177
2635,1981,8,2,2660,2,0,1,10,CollgCr,462699
3693,1999,6,2,2520,0,0,4,13,Mitchel,93815
11874,1901,10,3,1951,0,3,4,4,CollgCr,350677
6752,1977,3,6,2548,3,2,4,8,Mitchel,312170
10311,1976,3,1,2813,0,1,2,14,NoRidge,154997
2830,1992,1,2,2014,3,0,3,7,Crawfor,110611
13867,1911,7,1,1731,3,1,3,9,Mitchel,137242
7177,1938,5,5,2145,4,3,1,4,NoRidge,467876
11561,1965,4,7,2235,2,3,2,4,Veenker,236175
10932,1995,10,8,3499,2,0,4,5,NoRidge,495469
10308,1912,4,10,3940,2,3,1,4,Veenker,417057
7949,1945,4,1,805,4,2,2,10,Mitchel,92082
4838,1926,6,7,2559,3,3,5,12,Veenker,197330
3150,2012,8,5,3916,3,3,2,5,NoRidge,153613
9560,2004,8,10,2223,0,3,1,7,Crawfor,410459
3931,1916,5,1,2189,4,1,3,9,CollgCr,401834
11204,2003,6,3,2017,0,1,4,12,CollgCr,145220
3664,1994,4,7,1891,4,0,5,14,Crawfor,65389
3081,1997,9,10,3484,0,0,2,9,CollgCr,141860
14921,1959,8,1,919,1,0,1,6,Mitchel,208757
2512,1963,10,7,3436,2,3,1,6,Mitchel,470411
13041,1987,10,5,2718,2,1,4,7,NoRidge,71797
9805,2008,1,1,633,3,2,1,11,NoRidge,424119
7237,1934,2,1,2530,1,3,1,8,Veenker,409313
2559,2011,9,1,3512,2,3,4,14,NoRidge,295939
5672,1969,8,9,1950,3,3,5,14,Mitchel,116332
14775,1982,3,3,3596,1,2,3,11,NoRidge,286655
9404,1929,8,5,2053,2,0,3,8,CollgCr,274997
5343,1970,1,10,3761,0,2,2,14,Veenker,450404
6070,1973,10,9,1664,4,0,5,5,Veenker,335840
14991,2004,4,6,2369,1,2,2,7,Mitchel,52024
11662,1995,3,9,2319,3,1,3,8,NoRidge,479201
2580,1997,6,8,3205,1,3,4,6,CollgCr,187656
9004,1962,7,8,3886,3,3,1,6,NoRidge,403142
12486,1927,4,1,1842,1,3,3,3,Crawfor,208116
10130,1959,7,9,1964,3,0,5,8,NoRidge,307339
5147,1978,9,6,3663,2,2,3,13,Mitchel,317429
6249,1993,2,9,2726,0,1,5,7,NoRidge,319514
3679,1936,3,3,1579,2,2,5,12,Veenker,67903
5506,1992,5,3,1678,0,3,5,2,CollgCr,213571
9253,1921,3,6,2195,2,1,2,5,Mitchel,410048
4744,1967,8,9,610,2,1,4,4,Crawfor,335139
13548,1919,10,7,2684,1,3,3,13,CollgCr,417304
14237,1995,8,3,2779,4,2,4,4,CollgCr,478416
11435,1999,8,3,3539,3,3,1,8,Veenker,138377
7188,2013,9,2,967,3,2,3,12,Veenker,251474
13310,1967,4,9,3279,3,1,4,13,Veenker,456782
4141,1990,5,3,3028,0,1,4,11,Mitchel,349966
13251,1963,5,5,3639,3,3,1,5,NoRidge,419556
14740,1916,8,9,1313,3,1,5,13,CollgCr,363366
13151,1911,7,8,1772,1,0,3,9,NoRidge,406232
12457,1921,9,2,1493,2,1,3,12,NoRidge,402594
8617,1916,8,3,2531,3,0,1,10,Veenker,493884
4479,1909,2,2,822,4,1,5,4,NoRidge,159366
8484,2017,10,8,3469,3,3,3,6,CollgCr,422222
14838,1964,4,6,1403,0,3,3,5,CollgCr,113853
11827,1921,6,6,2041,0,0,3,13,Crawfor,235715
9421,1989,2,9,2499,0,3,5,11,Mitchel,435938
11949,2019,7,8,2315,3,1,1,7,NoRidge,203405
6452,2022,3,4,3153,1,1,3,12,Mitchel,459174
12262,1981,3,4,2976,4,3,4,11,Mitchel,102442
7881,1949,2,9,3840,3,1,5,5,Mitchel,464170
8665,1913,8,1,647,1,2,2,9,Mitchel,280755
4849,1963,6,2,1641,1,2,1,4,CollgCr,59675
13443,1946,1,2,1349,3,1,4,12,NoRidge,139590
9390,1928,1,6,866,3,3,3,6,Crawfor,420714
8905,1975,7,4,3397,1,0,2,14,Mitchel,343805
13922,1935,8,10,1589,1,3,1,2,Crawfor,114289
4489,2022,5,3,2538,1,0,5,14,CollgCr,67184
11823,1998,5,3,3360,3,3,2,7,CollgCr,360107
13008,1951,4,3,3941,1,1,2,12,Veenker,206894
11207,2024,6,6,674,0,2,4,6,Mitchel,257537
11540,1975,6,8,2354,3,3,1,9,Veenker,317411
6611,1906,3,7,1087,0,0,4,10,Crawfor,233719
13279,1928,9,4,994,2,2,4,9,NoRidge,374958
4839,1910,7,4,3520,3,0,3,9,Veenker,348169
10527,1932,1,10,1637,2,1,5,13,CollgCr,171246
7878,1905,7,2,3682,1,2,2,14,Mitchel,389749
14784,2010,5,1,2284,1,0,1,4,Crawfor,182053
11087,1978,5,9,1670,4,3,5,5,CollgCr,355580
8303,1931,2,2,534,1,1,5,12,NoRidge,199544
13738,1950,4,8,1498,2,1,1,5,Mitchel,200408
2851,1974,6,9,1832,1,1,5,12,NoRidge,206659
3687,1957,10,4,3085,3,3,3,6,NoRidge,389336
12123,1986,7,8,3297,1,3,5,14,Mitchel,287439
8833,1925,5,9,1537,4,2,3,10,Mitchel,496229
13938,1997,9,10,873,1,3,2,13,NoRidge,432735
4427,1945,3,10,3104,2,2,2,10,Crawfor,396655
11760,1997,1,5,1951,2,1,4,11,Mitchel,59665
6000,1928,4,7,2251,1,2,3,14,CollgCr,208169
7052,1903,9,10,2780,2,0,2,13,Veenker,403421
4738,1980,4,4,1204,2,1,5,2,Crawfor,102474
13690,1998,2,1,1062,4,1,1,9,Mitchel,253045
7732,1912,10,3,3486,3,2,1,2,Mitchel,468401
7387,2004,5,5,3434,4,1,3,3,Crawfor,125911
10002,1938,3,3,3273,0,3,4,8,Veenker,142643
7536,1914,9,7,3846,4,0,5,9,NoRidge,342628
5913,2018,4,9,2373,1,2,3,2,CollgCr,309383
3066,1928,6,6,2623,3,2,1,4,Mitchel,413309
9723,1928,2,10,938,1,1,3,8,Veenker,226682
6380,1974,6,1,2383,0,3,5,14,CollgCr,231879
12636,2015,3,7,2479,3,1,2,10,Crawfor,494123
6107,1931,9,3,1198,2,1,5,9,Mitchel,337979
7726,1901,2,5,1812,4,2,2,9,NoRidge,276351
5373,1946,9,10,3462,1,1,2,10,Crawfor,146453
14161,1977,5,4,2063,0,0,2,11,Mitchel,103790
12738,1983,8,10,3438,2,1,3,4,Veenker,258032
10945,1921,2,5,1191,4,1,1,9,CollgCr,321787
4082,1974,6,5,2800,2,2,3,2,CollgCr,387990
12966,1926,3,6,3697,4,1,1,9,Mitchel,462167
13088,1966,10,10,1700,3,3,5,14,Crawfor,458449
14377,1980,5,10,3608,2,2,4,8,NoRidge,63200
10967,2007,8,6,2957,2,1,5,14,Veenker,102275
8748,1955,10,8,2134,2,0,3,9,Mitchel,401145
11817,1991,1,8,2133,3,0,3,2,Veenker,202363
13261,1992,5,9,626,0,2,1,7,CollgCr,354592
2417,1920,3,8,2006,4,2,3,8,NoRidge,473796
10306,1946,4,2,1691,2,1,2,12,Veenker,141685
10808,1979,2,10,3139,3,3,3,6,Mitchel,464562
5974,2000,9,1,793,0,1,1,6,NoRidge,322763
5267,1958,3,10,1866,4,0,1,8,Crawfor,155454
2825,1983,2,2,1519,3,3,2,12,Mitchel,51766
9668,1905,10,2,2857,4,3,1,4,Veenker,315693
7745,1918,9,3,3209,2,3,4,7,NoRidge,199765
11708,1956,7,10,3075,0,1,5,8,Mitchel,306356
13338,1968,6,7,3087,3,0,3,2,NoRidge,420082
2412,1902,1,2,918,0,2,4,13,NoRidge,439817
9543,2022,5,1,943,2,1,3,3,NoRidge,360472
9587,1900,3,6,1184,0,2,4,13,Veenker,270172
2728,1957,1,9,3387,0,3,3,5,Mitchel,75301
13540,2023,4,3,2783,1,3,2,14,CollgCr,94763
9164,1937,2,6,1962,0,1,1,9,CollgCr,201837
13000,1914,2,3,2761,4,0,1,12,Veenker,356931
10867,1933,3,1,584,3,3,2,14,Veenker,432819
13657,1960,8,5,3341,1,2,4,11,NoRidge,57425
7988,1934,8,10,2267,3,2,5,7,Mitchel,325001
4504,1963,7,4,584,3,1,4,2,Mitchel,233843
4967,2012,6,7,2444,2,2,1,11,Crawfor,405143
4786,1924,9,6,2612,2,0,5,6,Crawfor,465660
3122,1923,4,10,2169,1,3,3,8,CollgCr,309561
6079,1911,1,7,1162,2,2,5,14,Crawfor,91457
3571,1917,8,5,1126,2,2,4,7,Crawfor,260813
7073,1914,7,4,563,2,3,2,14,CollgCr,443920
7104,2007,7,7,3914,3,1,3,14,CollgCr,55452
4143,1979,3,7,3486,1,2,4,13,Crawfor,161153
11879,1926,4,6,1418,3,1,3,10,Mitchel,351006
8806,1971,10,8,1875,4,1,5,9,Crawfor,242543
9357,1959,9,4,1681,3,2,1,5,NoRidge,330444
14324,1945,6,10,2112,4,0,4,14,NoRidge,452782
14043,1988,5,5,990,0,1,2,12,NoRidge,450717
5440,1916,3,4,2378,0,2,5,13,Veenker,51845
5766,1992,9,1,3796,4,1,4,6,NoRidge,169342
7644,1952,5,8,2440,4,3,2,8,Mitchel,351325
12518,1907,5,1,812,3,0,4,9,Veenker,287366
4914,1978,4,5,3162,4,0,5,6,Veenker,289004
6968,1926,4,6,1418,1,3,4,10,NoRidge,244110
7917,1945,1,6,2382,0,3,3,11,Crawfor,298850
14144,1949,7,5,1312,0,1,5,13,CollgCr,264362
10787,2015,9,3,3487,4,3,4,5,Crawfor,297688
2728,1970,3,5,1989,2,0,1,5,Crawfor,84404
3365,1902,2,8,3659,2,3,4,14,Veenker,72564
6492,1992,3,2,1826,4,2,3,9,Veenker,147898
2698,1963,1,6,1179,1,2,2,2,Veenker,330371
9186,1943,6,9,934,2,1,2,9,Mitchel,145259
2395,1952,7,8,1181,4,0,2,6,Mitchel,174451
9400,1923,2,8,1658,1,2,1,14,CollgCr,490691
10082,1959,8,8,1573,1,3,3,12,Veenker,67215
6171,2021,6,7,1955,3,2,5,2,NoRidge,180577
6360,1902,4,8,2887,1,2,2,5,Veenker,308392
4502,1919,5,6,2894,2,1,3,3,Mitchel,121074
12011,1945,8,2,3193,2,3,4,5,Veenker,464915
2717,1914,3,2,1870,4,3,1,9,Mitchel,158621
4782,1924,3,8,1148,4,3,3,6,Veenker,455670
6946,1993,4,1,744,1,1,3,2,NoRidge,229289
13769,1977,1,6,2656,0,3,5,8,CollgCr,156759
7486,1970,9,6,3080,3,3,3,2,NoRidge,178471
10335,1916,8,4,3661,0,2,5,10,Mitchel,333855
6980,2007,8,10,795,1,2,1,4,Crawfor,458275
13332,1983,10,3,2659,1,3,1,13,NoRidge,98398
9266,1999,6,3,2112,0,0,4,4,Veenker,313430
6491,1908,7,1,3748,3,0,5,7,CollgCr,215369
9192,1937,6,3,2890,0,3,5,11,Veenker,158304
13130,1947,9,4,2648,4,0,2,7,Veenker,154959
7588,2020,3,5,3176,2,1,2,14,NoRidge,289317
9651,1959,3,3,2127,4,2,4,12,CollgCr,207557
5636,1962,3,6,3972,2,1,1,12,Crawfor,372111
13414,1985,10,5,527,1,2,2,7,Veenker,409947
3167,2017,3,3,3484,3,0,3,14,CollgCr,179745
12808,2016,9,6,2485,0,0,1,2,Crawfor,104583
3062,2016,4,6,2060,3,3,3,6,Veenker,174077
4156,1901,7,8,557,0,0,5,13,CollgCr,494846
9860,1987,9,2,2021,4,0,1,7,NoRidge,161359
7161,1971,7,1,796,4,3,4,9,Veenker,77086
7305,1910,9,4,2681,0,3,5,14,Veenker,197556
13174,1963,3,7,3902,3,2,5,2,CollgCr,249695
8541,1976,4,10,2796,0,0,3,6,Veenker,154132
13486,1980,8,3,3568,1,2,5,4,Crawfor,109263
6729,1971,6,3,3097,4,2,2,3,Veenker,199747
11348,1920,5,5,1401,1,1,1,12,Mitchel,432299
9330,1917,4,5,2464,4,0,2,9,Crawfor,110664
7334,1993,8,10,1598,4,0,3,8,CollgCr,467896
10924,1963,1,3,2177,2,1,3,11,Crawfor,460293
6330,1981,9,9,3381,1,2,1,8,Mitchel,432618
10010,2009,1,4,1691,1,0,5,6,Mitchel,481390
8801,2010,8,3,1270,2,2,4,13,Veenker,389112
6846,1994,4,2,2026,3,1,3,14,Veenker,446707
8731,1937,9,10,1878,1,3,1,10,NoRidge,227198
9241,1931,5,9,1748,0,2,4,6,Crawfor,292730
2953,1910,3,4,2054,2,0,5,3,NoRidge,446608
4539,1944,9,3,645,1,3,3,4,Mitchel,117804
9056,1988,9,7,2483,3,2,1,5,Veenker,350544
13516,1932,4,8,1764,1,2,1,6,Veenker,479767
13493,2023,4,2,2407,4,3,1,14,Veenker,340232
3542,2001,8,7,3440,0,3,3,4,CollgCr,261087
7293,1940,2,5,2891,2,3,4,13,Mitchel,468681
3191,1907,9,5,2272,4,0,1,8,Veenker,491371
8313,1910,6,3,1558,3,0,5,6,Mitchel,137893
13185,1985,9,5,3249,4,2,1,6,Veenker,318113
8938,1950,8,2,2548,4,2,4,7,Crawfor,58981
4681,1987,7,4,2519,3,1,3,8,Mitchel,464248
11409,1940,1,6,652,4,0,1,11,NoRidge,366235
3540,1916,3,1,2976,2,2,1,11,CollgCr,157154
8172,1975,2,10,1007,1,3,5,9,NoRidge,336552
13428,2020,5,4,3697,4,3,5,10,Mitchel,205313
7541,1945,5,6,990,2,0,1,12,Veenker,360084
12578,1931,5,9,844,1,3,1,5,Mitchel,232177
13911,1978,4,2,2435,1,1,5,6,CollgCr,242122
11580,1979,5,7,2261,4,2,4,6,Mitchel,53657
12048,1953,3,6,720,2,2,2,9,Veenker,333374
3365,1985,1,2,2438,4,2,2,10,NoRidge,461896
10691,1991,5,8,2442,3,0,1,8,Crawfor,263766
11872,1919,9,7,1222,1,3,5,6,NoRidge,134731
10702,1932,9,5,3596,4,1,3,4,Veenker,223412
9494,1973,4,5,1027,1,0,3,2,Veenker,217022
6312,1939,3,7,3753,2,2,2,12,CollgCr,188939
3324,1931,1,9,2022,0,1,4,10,Mitchel,259614
11347,2013,2,9,3388,4,2,2,6,Mitchel,54329
12019,2023,8,9,2164,4,2,1,10,NoRidge,348009
5141,1996,1,6,3613,1,0,4,11,Crawfor,248012
9419,1901,8,10,980,2,2,3,13,Crawfor,87869
5486,1996,7,6,3477,3,1,5,14,CollgCr,247977
3810,1932,8,3,2371,2,2,5,5,Veenker,432329
8588,2004,6,1,3419,4,3,1,6,CollgCr,133984
4923,1976,9,7,1962,3,2,2,5,Mitchel,437316
7301,1929,3,4,1925,2,0,1,3,Veenker,151069
12406,1932,10,1,844,0,1,5,13,CollgCr,298577
6186,1976,4,8,544,1,0,3,2,NoRidge,401855
10905,2015,6,6,2568,2,3,5,9,Mitchel,378396
7977,1925,8,6,2157,2,2,4,5,Crawfor,391530
13794,1921,5,2,3641,0,0,5,6,CollgCr,168728
14326,2002,3,1,2387,4,0,5,7,Mitchel,444927
13714,1965,6,2,3420,1,0,4,9,Mitchel,75801
6268,1937,4,4,2595,2,0,2,12,Crawfor,268359
6748,2002,9,2,2014,3,3,5,9,Crawfor,285637
6849,1989,3,1,3098,2,3,1,8,Crawfor,140709
11435,1945,4,7,2834,1,2,5,5,CollgCr,365414
5709,2021,7,8,1501,2,2,1,7,Crawfor,367679
11273,2013,7,6,1533,0,1,4,5,NoRidge,305560
8619,1914,4,4,3089,2,3,5,8,Mitchel,293738
10647,1997,6,6,2540,2,0,4,13,Crawfor,257831
11086,2005,3,3,3303,3,0,4,14,Mitchel,66220
11576,2018,6,8,773,0,1,2,13,Veenker,325536
12150,1943,2,10,1455,0,0,5,14,Veenker,445462
5072,1948,8,2,3147,2,1,1,14,Crawfor,332154
8530,2003,2,5,2279,3,2,1,12,Mitchel,176951
12188,1974,7,1,880,2,3,5,2,Veenker,380502
14477,1960,9,6,1852,2,1,2,6,Crawfor,198306
2504,1966,1,2,978,1,0,2,11,Mitchel,408334
3214,2022,8,4,2562,1,1,2,13,Crawfor,165795
3531,1905,7,6,1015,3,2,1,11,Mitchel,492667
13632,1908,6,10,690,4,0,4,5,Veenker,434934
9576,1905,6,8,1691,1,2,2,12,Crawfor,175223
2823,1972,6,8,3168,4,2,1,8,Veenker,125205
2928,2002,9,6,1660,0,1,1,14,Crawfor,465000
7029,1994,2,4,2701,1,2,4,10,CollgCr,472888
2133,1931,1,8,1911,1,0,5,6,Veenker,51082
4105,1940,6,8,3780,3,2,5,5,Veenker,454364
5627,2013,10,10,771,4,2,2,10,NoRidge,208566
14972,1975,8,1,642,1,1,2,6,Veenker,387237
8316,1907,3,4,2412,1,2,4,10,Mitchel,364096
3852,1971,10,4,1592,3,3,2,9,Crawfor,86719
6910,1949,1,7,2794,3,1,4,5,CollgCr,98737
6175,1991,9,7,3832,4,1,1,12,Mitchel,157271
13125,1961,1,8,1287,0,0,2,12,Mitchel,220608
13476,1983,3,5,2626,0,0,1,8,Mitchel,231676
14490,1961,8,7,2181,2,0,3,6,Mitchel,494049
13003,2010,3,8,1122,1,0,4,11,CollgCr,457255
7348,2022,4,9,3072,4,3,3,5,NoRidge,117839
11442,1906,8,3,3319,1,1,2,6,Veenker,360075
13704,1974,1,3,1437,4,2,1,6,Mitchel,352069
8190,1983,6,4,3901,4,0,2,12,Veenker,232075
3256,1979,1,5,3760,4,0,3,10,Veenker,492113
5376,1903,1,10,1618,1,0,2,13,Mitchel,137745
7645,1905,8,1,1116,3,2,5,10,NoRidge,176298
5486,1957,4,7,1531,1,0,3,7,Veenker,143709
5584,1921,1,9,566,4,2,2,5,Crawfor,354431
11588,1925,10,8,690,2,1,1,3,Veenker,271798
13829,1902,7,5,3937,0,1,2,4,Mitchel,476228
10053,1940,5,4,3315,4,1,1,3,CollgCr,157252
5330,1959,5,7,1020,2,3,5,6,Veenker,222855
4703,2005,1,5,1489,3,2,2,7,NoRidge,421467
10662,1913,10,7,1640,4,0,5,12,Crawfor,264838
10120,1974,6,1,2814,2,0,3,6,Crawfor,489707
9114,1981,9,1,2134,4,0,1,3,CollgCr,270013
3353,2017,9,10,3032,1,0,3,13,CollgCr,324947
12975,1911,8,3,3869,2,3,1,6,Veenker,230697
13023,1986,5,2,1687,1,0,5,10,Mitchel,168819
7063,1911,1,2,875,1,3,4,5,NoRidge,405505
10549,1912,9,7,1152,2,2,2,13,Crawfor,63698
13211,1924,1,10,3839,0,1,5,11,CollgCr,477776
9575,1944,8,2,1048,2,0,1,3,NoRidge,65376
2667,2014,5,4,1597,0,1,1,4,Mitchel,325261
6468,2021,3,2,572,4,2,1,4,Crawfor,286591
11337,1918,7,6,2855,4,2,1,10,Crawfor,499597
8819,1954,7,8,698,2,0,2,5,Mitchel,481172
14377,2009,9,10,3701,4,2,3,2,Crawfor,98786
5719,1999,7,4,2281,3,1,4,2,Mitchel,163005
4745,1944,3,5,1071,1,0,2,8,Crawfor,268850
9483,1907,1,4,1290,1,3,1,8,Veenker,378624
2539,1992,8,3,2138,0,0,2,3,Mitchel,212767
12971,2018,3,5,2331,4,1,5,10,NoRidge,444727
6964,1952,8,9,2355,0,0,1,10,Veenker,365377
14328,1954,8,8,2010,1,0,4,6,NoRidge,423166
6835,1931,5,8,1674,1,1,1,4,Crawfor,465718
5775,1950,1,8,3777,4,0,4,4,NoRidge,493226
8042,1943,10,8,678,3,0,4,13,Veenker,142529
9102,1981,7,7,2744,3,1,3,4,Mitchel,291496
9312,1969,10,8,1234,4,2,3,7,CollgCr,489705
7320,1917,5,8,2636,4,1,2,5,NoRidge,150919
8132,1982,8,8,1298,0,0,2,9,CollgCr,395677
9891,1921,9,10,1287,4,3,4,14,NoRidge,475165
12700,1936,7,7,3295,3,3,1,12,NoRidge,248382
4779,1995,7,1,3754,4,1,5,14,Mitchel,259870
2924,1955,1,4,708,0,3,5,12,Crawfor,119407
13148,2004,4,4,992,0,0,1,12,Veenker,123809
3581,1958,2,5,3701,0,0,1,6,Veenker,329373
9714,1902,2,10,3212,0,1,3,2,Veenker,470601
5324,1927,2,6,3584,2,0,5,10,Crawfor,92176
14677,1973,4,4,2157,4,2,4,2,CollgCr,144825
7713,2014,1,2,3418,1,0,2,7,Veenker,446476
9026,1934,4,6,1231,4,1,3,2,CollgCr,147555
2255,1960,2,8,1629,2,2,5,4,Crawfor,53145
6804,1992,5,8,3946,0,2,1,11,Crawfor,147289
3838,1953,3,7,2105,2,3,5,6,Mitchel,188874
12136,1962,8,6,3245,3,0,4,11,Veenker,314407
2009,1978,4,2,3670,3,1,3,8,Mitchel,470129
4871,1996,1,7,1093,4,3,1,11,Veenker,107788
10989,1906,1,5,3433,4,3,4,9,Crawfor,189227
9409,1975,10,6,3399,1,0,2,13,Crawfor,181994
9418,1948,3,10,1715,1,0,3,10,NoRidge,253303
7124,1993,9,8,824,3,1,4,7,NoRidge,201744
3015,1984,7,8,1478,0,3,4,12,Crawfor,219598
12016,1930,2,3,2249,2,1,1,10,Crawfor,357488
14661,1957,9,7,2350,1,3,2,9,CollgCr,434963
13328,1960,10,1,3503,1,3,4,10,CollgCr,462230
4193,1923,2,1,1990,0,3,3,11,Mitchel,123352
10415,1919,3,7,1393,0,0,4,5,NoRidge,352468
9449,1936,10,10,1890,4,3,5,10,NoRidge,406219
6158,1903,2,9,3889,2,3,3,8,Crawfor,276710
5925,1991,3,7,643,0,3,3,6,Crawfor,219770
8970,2007,6,10,883,1,2,4,6,Mitchel,389313
8938,1919,9,5,2763,1,0,1,2,NoRidge,335528
6784,1959,9,8,3932,3,2,3,3,CollgCr,53512
6000,1923,7,2,2871,0,0,5,11,Veenker,449282
3633,1949,3,9,3586,4,1,1,4,Mitchel,212572
12344,1948,4,6,716,2,2,1,9,Veenker,173775
9266,1950,6,9,2015,4,1,1,7,CollgCr,128743
10702,1995,5,2,3498,1,3,3,13,CollgCr,397786
2384,2004,2,3,2730,4,1,1,11,Veenker,441731
2404,1935,6,8,2817,1,1,4,12,Mitchel,129858
10175,2021,3,1,3492,1,1,1,14,Veenker,104800
14805,2016,8,10,1990,1,1,5,6,Mitchel,150364
14763,1997,2,7,3417,1,0,2,14,Mitchel,314531
4000,1999,1,7,2135,1,2,5,2,Crawfor,237232
12948,1965,9,1,3014,3,0,3,13,NoRidge,254639
11860,1978,3,9,2852,4,0,1,12,NoRidge,182871
7989,1933,1,8,1667,3,0,1,13,CollgCr,169095
3460,1935,7,4,610,3,1,4,10,Crawfor,85548
9190,1905,10,10,1513,0,0,1,4,NoRidge,477111
9140,1938,5,5,731,0,2,5,4,Mitchel,140450
5636,1941,5,2,2214,0,0,3,3,Mitchel,155669
12916,2014,1,9,2255,2,3,2,5,Veenker,392315
6809,2014,9,6,3142,0,1,1,13,Veenker,483595
6178,1957,7,3,2077,4,3,2,3,Mitchel,357558
9245,2017,8,7,1796,3,2,1,14,Mitchel,123071
8600,2024,9,9,2720,4,2,3,10,Veenker,162808
7997,1911,6,3,1472,0,2,5,13,NoRidge,128591
4048,1902,5,2,1530,2,2,3,11,CollgCr,274213
14338,2008,6,7,3726,2,0,2,8,Veenker,316441
6780,1917,2,7,3093,3,1,1,9,NoRidge,159513
2716,1939,4,4,3095,4,2,2,4,NoRidge,440812
9939,1920,3,9,1017,1,3,5,7,NoRidge,398623
7565,1914,7,8,1413,4,2,3,11,Crawfor,148752
6544,1996,9,1,2762,0,1,2,7,Crawfor,186080
6976,1998,5,1,2681,1,3,2,14,NoRidge,267885
14775,1925,6,5,2832,2,3,5,2,Mitchel,427625
12015,1907,10,6,3697,3,3,1,7,Crawfor,197892
12273,1999,2,3,2444,3,0,2,14,Veenker,203325
5419,2011,3,9,1962,2,2,5,4,Crawfor,472418
9239,1993,3,10,2372,0,0,1,12,Mitchel,472452
11766,1986,9,6,3233,2,3,1,4,CollgCr,117156
2249,1941,7,4,3723,0,0,3,4,Crawfor,292960
10865,1943,8,7,2878,1,0,5,11,NoRidge,110263
14725,1913,10,8,3954,2,0,1,12,NoRidge,431140
12357,1977,9,9,3686,0,2,3,12,NoRidge,149252
2770,1901,6,6,3441,1,3,4,11,CollgCr,168632
14154,2018,4,6,1807,2,3,5,12,Mitchel,386999
6363,1936,1,8,1398,3,2,4,9,Veenker,66575
12176,1968,8,5,1598,2,0,1,14,Mitchel,324348
3077,1937,7,3,1689,4,0,5,6,CollgCr,61952
10427,2008,2,3,1712,2,1,3,5,NoRidge,133323
10580,1940,8,6,2625,4,1,1,14,Mitchel,232214
13229,1961,5,2,3494,1,1,5,10,Veenker,214944
9901,2017,7,6,1187,2,2,5,10,NoRidge,210448
6858,1959,4,6,2568,1,3,4,2,Veenker,247156
12040,2024,5,8,1065,1,1,1,3,Crawfor,192712
8544,2010,8,7,1707,0,3,3,9,Veenker,338581
6719,1913,1,8,2394,1,3,3,6,NoRidge,177129
4814,2019,1,9,3793,1,3,1,8,Crawfor,399825
5374,2002,4,6,1326,2,2,1,2,NoRidge,304522
13470,1988,3,3,1851,2,2,2,13,NoRidge,57903
3252,1983,10,10,2726,3,2,4,11,Crawfor,264776
8996,1901,2,3,2311,0,2,1,13,Veenker,76863
14173,2002,3,1,3683,1,1,1,6,CollgCr,355525
6673,1969,1,5,1582,0,0,2,12,CollgCr,340692
12314,1916,1,4,1850,4,0,2,13,CollgCr,493172
6530,2022,6,9,3452,1,0,5,4,CollgCr,61467
12342,1988,5,9,2144,0,1,3,11,Mitchel,370098
8881,2020,8,5,3216,3,0,4,13,CollgCr,336045
8949,1927,2,10,690,3,1,5,13,Crawfor,499199
11521,1965,4,4,1723,1,1,1,3,CollgCr,335445
8241,1934,8,7,1835,4,1,2,3,NoRidge,436830
10017,2000,6,6,1207,3,0,3,10,CollgCr,283614
8941,1904,1,4,3606,3,3,5,14,Veenker,397324
11550,1964,4,10,878,4,0,3,5,Crawfor,119903
9002,1939,1,2,886,0,0,2,5,Crawfor,416099
12674,1975,2,1,2784,3,2,5,8,Mitchel,459420
14734,1955,5,4,1115,2,1,5,11,NoRidge,69755
12209,1935,8,4,2042,3,3,3,11,Crawfor,371961
3331,1944,8,1,2830,0,2,2,14,Veenker,314237
14536,1922,3,6,2548,0,3,1,3,CollgCr,306094
6261,1946,4,4,2254,1,3,5,4,Crawfor,408463
9648,1930,10,1,963,2,1,1,4,Veenker,335084
11550,1910,6,1,3801,0,0,2,7,CollgCr,225112
7115,1909,10,1,1466,4,1,5,4,Mitchel,480538
6637,1966,3,8,671,2,1,5,12,Crawfor,178714
6854,2017,2,10,3658,2,2,1,6,Crawfor,141544
5177,1913,6,8,1646,4,1,4,5,Veenker,134437
9730,1979,5,2,1342,3,0,1,4,NoRidge,405113
12320,1973,10,7,1821,4,3,1,9,Mitchel,157001
4180,1992,5,8,2408,4,1,4,11,NoRidge,137725
6892,1909,10,8,1189,3,3,2,4,Crawfor,427928
9043,1975,5,10,3122,3,1,2,7,NoRidge,160675
2137,1993,10,7,2007,3,3,5,14,CollgCr,144266
8327,2004,5,5,2712,3,1,3,8,Mitchel,321380
5472,1900,3,1,2524,3,2,3,8,NoRidge,384741
7449,1904,7,9,2222,4,3,5,3,CollgCr,265196
4832,1919,6,7,882,1,1,3,4,Veenker,184974
5579,1907,4,2,2756,1,1,1,13,NoRidge,149656
7971,1942,2,6,1912,0,2,1,11,Mitchel,346508
13223,1975,9,2,2083,1,2,4,11,CollgCr,157071
6164,1900,1,1,2771,1,2,4,5,NoRidge,406554
12785,1956,4,7,2550,4,3,5,8,Veenker,201168
9941,1963,1,2,871,3,3,5,3,NoRidge,193092
7569,2017,6,2,2210,3,2,5,4,CollgCr,108473
6300,1983,4,5,1969,4,0,1,8,NoRidge,291472
8269,1927,5,5,1110,1,0,3,8,Mitchel,356297
5818,2020,5,7,615,4,1,5,11,Crawfor,222349
14330,2006,9,1,3841,0,0,5,4,CollgCr,350646
14015,1936,1,8,946,3,1,1,13,CollgCr,65675
14234,1946,2,3,1891,2,3,1,2,CollgCr,467581
3906,2000,6,4,3824,0,3,1,13,CollgCr,168384
8254,1975,5,9,1840,0,0,3,4,NoRidge,128229
2760,1936,7,4,914,4,3,5,6,Mitchel,139049
9830,1948,3,10,3666,1,2,2,8,Veenker,233220
9350,2012,3,5,2308,3,2,2,5,Mitchel,401301
8238,2019,10,7,3439,2,0,5,14,CollgCr,270319
8090,1943,2,4,1547,0,0,5,14,NoRidge,155711
13637,1955,3,1,3210,2,1,5,12,NoRidge,160090
8031,1927,10,9,2373,1,3,5,12,CollgCr,405465
9687,2010,1,4,1573,1,1,3,2,NoRidge,251974
11091,1978,5,9,1217,2,1,2,7,CollgCr,338609
14647,1905,5,6,1858,3,2,4,3,Mitchel,344430
13139,2007,7,1,3650,1,2,2,13,Crawfor,104795
11911,2022,4,3,2105,2,2,2,4,NoRidge,483394
10472,1960,3,2,3598,0,2,1,5,CollgCr,420283
13458,1919,1,9,2818,2,1,5,7,CollgCr,260255
3887,2013,8,1,1061,2,2,5,7,NoRidge,153845
5266,1977,3,9,3351,4,3,5,8,Veenker,362130
2666,1901,2,9,2794,1,2,1,6,CollgCr,486417
6188,1972,4,8,886,3,2,3,8,NoRidge,486531
2671,1936,3,8,1201,3,2,3,3,CollgCr,387540
12161,1919,1,1,3106,4,0,4,2,Veenker,367322
14348,1925,3,8,1472,3,3,3,13,Crawfor,322889
8777,1928,2,10,1884,2,3,3,11,Veenker,304232
13314,1900,8,3,1483,4,1,5,9,Mitchel,303730
9570,2018,6,7,2011,0,1,2,2,NoRidge,253426
9956,1934,9,1,851,1,2,3,13,Veenker,391781
7124,1969,8,1,2224,1,0,3,3,Crawfor,448244
7585,2000,10,10,2451,1,1,1,12,CollgCr,279333
14891,2016,3,5,1779,2,1,4,13,NoRidge,98566
6777,1958,5,5,3793,0,2,1,11,Veenker,355866
5900,1968,7,8,2407,4,2,5,7,Crawfor,398767
8677,1932,5,7,1252,4,1,2,2,Veenker,423218
8981,2012,8,8,3328,1,1,4,11,Mitchel,124974
8376,1950,5,6,1524,0,3,1,4,NoRidge,396228
2523,1977,1,6,1045,0,0,3,8,CollgCr,220951
4393,1911,5,2,1969,0,3,3,13,Crawfor,467983
13309,2005,4,6,578,3,1,4,9,Veenker,298595
4593,1919,6,5,1759,3,3,3,5,NoRidge,429497
12160,1952,3,3,2881,1,3,1,13,Veenker,154417
11945,2013,5,6,1388,0,1,1,4,NoRidge,380243
9240,1987,2,8,3920,0,2,3,2,Mitchel,229729
8937,2022,6,9,3669,4,1,3,13,Veenker,189570
12488,1942,6,1,1605,4,2,5,10,Mitchel,254739
8190,1997,5,3,3049,1,1,2,11,Crawfor,337251
7240,1988,6,3,2490,0,1,4,7,Mitchel,209865
12453,1949,7,8,2000,1,1,1,7,NoRidge,445912
12478,1928,5,1,3312,4,0,4,10,Crawfor,365983
8493,1956,1,5,1420,4,2,5,2,Veenker,139241
14394,1938,8,3,1049,3,0,1,7,Veenker,73397
4878,1994,4,2,2561,1,1,5,13,NoRidge,57704
6143,1955,9,8,891,1,3,5,6,CollgCr,328586
5644,2010,10,3,3918,0,0,3,14,CollgCr,244860
6432,1942,6,7,2857,0,2,4,12,Veenker,179576
12247,1949,1,1,2933,3,1,4,7,NoRidge,59765
14912,1922,3,6,3780,2,0,3,12,CollgCr,427972
3276,1943,3,3,1880,2,3,4,9,Mitchel,60002
7811,1937,10,8,1473,2,0,3,6,Veenker,309853
12958,1983,4,6,3665,1,2,1,3,Mitchel,323534
2302,1922,6,2,3664,1,0,5,13,NoRidge,225508
2638,1944,7,6,839,4,3,5,13,Mitchel,308446
2055,1951,10,7,3144,1,3,4,3,CollgCr,295620
10717,1979,4,5,1256,1,2,2,11,CollgCr,56641
14761,1949,6,3,1545,1,3,5,6,Crawfor,476925
14315,2005,1,4,2838,3,1,3,4,Veenker,161119
10150,2023,8,4,2853,1,3,2,11,NoRidge,482525
4125,2018,7,6,3181,0,1,2,4,Veenker,327768
13479,1907,9,10,3699,0,0,5,9,Mitchel,59966
2364,2013,3,1,3172,4,1,5,8,NoRidge,270422
8809,1984,2,4,1438,3,1,5,2,NoRidge,215261
6621,1900,1,10,3844,0,0,3,13,CollgCr,121301
7126,2018,3,4,1347,3,3,2,14,Mitchel,165123
7122,1907,5,10,941,3,1,4,13,CollgCr,460439
3646,1928,2,1,3050,4,3,3,6,CollgCr,390327
2918,1995,3,9,629,3,0,1,10,Crawfor,284624
4797,2001,4,4,3703,1,2,5,5,CollgCr,54959
8506,1904,7,7,1096,3,3,2,2,Veenker,470473
7870,2010,3,3,2458,4,3,3,9,NoRidge,362946
3531,1985,9,10,2005,4,2,1,6,CollgCr,174125
10172,1946,8,3,1361,4,2,3,3,Veenker,435939
5345,1933,4,8,3961,0,0,3,13,Mitchel,77215
9673,1964,1,8,3140,1,3,4,2,NoRidge,105046
8949,1954,1,1,1498,0,3,4,13,Mitchel,283265
8882,2018,1,10,2872,2,0,3,13,Veenker,406737
3906,1989,1,2,3640,1,3,1,13,Mitchel,477310
5086,1942,8,8,2995,3,1,2,4,Mitchel,219741
10152,1973,3,1,2051,4,1,2,10,Mitchel,217198
7750,1929,6,8,3366,2,1,5,2,CollgCr,391180
14772,2013,3,8,2140,1,3,5,5,CollgCr,422008
12267,1981,5,2,3736,0,1,2,9,CollgCr,170333
10905,1916,7,4,2011,4,1,3,9,NoRidge,66772
3062,1925,2,6,2236,0,0,3,11,Veenker,491802
3976,1907,6,9,3256,1,0,4,13,CollgCr,101943
3296,1946,6,8,1949,1,2,4,12,Mitchel,381012
8229,2003,3,8,2357,2,2,5,14,Mitchel,361999
9641,2012,6,7,764,3,2,2,12,Mitchel,203290
2125,1975,10,9,3159,0,2,3,9,Mitchel,151124
6632,1990,10,2,3913,2,0,2,11,Crawfor,369349
8288,1971,5,3,3379,4,0,1,9,NoRidge,186031
5596,1988,2,10,3849,3,0,2,5,Veenker,264051
13475,1945,9,8,3221,2,1,1,9,Veenker,488350
8168,1967,8,6,1962,0,1,4,10,CollgCr,75874
11795,1932,3,10,656,1,2,4,8,Crawfor,181007
9561,1900,8,9,1945,4,1,5,13,Veenker,51301
10258,1918,9,10,2798,0,3,2,3,NoRidge,370161
2232,1930,3,4,3425,3,0,2,10,Mitchel,93319
12348,1979,3,8,2132,3,2,1,12,CollgCr,270688
11361,1913,2,10,3077,1,2,4,9,NoRidge,267291
12350,1952,8,3,2874,1,3,1,14,Veenker,334599
8371,1947,10,3,3508,4,1,4,6,Crawfor,185184
6206,1968,1,8,1394,4,2,1,13,CollgCr,369177
11685,2004,8,5,2644,1,1,4,4,Veenker,239432
14910,1989,7,3,1012,1,1,1,8,CollgCr,475361
9943,1961,7,10,715,3,3,4,3,Veenker,419068
14199,1991,3,1,3703,1,2,1,14,Mitchel,82735
8891,1965,1,3,3831,2,1,2,4,Crawfor,384925
8738,2013,4,9,2672,0,1,5,13,Mitchel,291207
4472,1963,9,5,3653,1,3,1,10,Veenker,438175
12852,1969,5,10,3854,4,3,5,5,NoRidge,178305
4739,1962,1,2,2206,2,1,2,5,Mitchel,248713
7401,1972,5,7,2606,4,3,2,4,NoRidge,158049
3761,1932,8,2,2067,2,1,4,6,Veenker,464927
13706,1940,8,4,2708,1,2,5,4,Crawfor,317774
12167,1988,5,7,2831,0,0,3,10,NoRidge,115488
12554,1947,9,4,2653,4,3,4,4,Veenker,184278
2876,1912,1,7,1628,2,0,5,3,NoRidge,368433
5812,1972,4,7,727,3,1,1,13,Mitchel,331097
13640,2016,3,1,2865,1,1,1,6,Veenker,413076
11504,1976,2,6,1987,0,1,2,7,Mitchel,191140
3460,1930,8,9,1301,1,0,3,2,CollgCr,308946
12901,2004,7,2,2122,3,1,1,13,Veenker,128930
12516,1974,9,3,2405,0,3,5,12,NoRidge,236988
3733,1967,2,10,3421,3,2,5,7,CollgCr,313211
3605,1997,4,5,971,1,2,1,11,Mitchel,362802
7622,2024,6,9,1579,2,3,5,4,Mitchel,102165
8767,2001,3,4,3172,1,2,5,5,NoRidge,392925
12755,2009,8,1,2560,1,0,2,7,CollgCr,190931
13613,1903,3,4,1541,1,1,3,9,Crawfor,79164
8986,2001,2,6,3241,4,1,2,10,NoRidge,154946
5517,1918,3,5,3520,3,1,3,7,Mitchel,261985
12589,1969,6,1,2660,3,0,5,8,Veenker,439724
5735,1997,2,4,728,3,0,3,6,CollgCr,283442
13062,1981,8,6,670,4,0,5,13,Crawfor,411395
11352,1912,1,10,794,2,3,5,10,Veenker,70773
10434,2004,7,10,688,1,0,2,5,CollgCr,83939
4590,1922,2,4,925,2,2,2,11,NoRidge,491815
3063,1982,10,9,1476,4,3,4,12,NoRidge,449330
6324,2008,6,5,1602,3,3,1,7,CollgCr,410619
12787,1974,2,8,3205,1,3,4,6,Crawfor,301442
11111,1900,2,9,1418,0,0,4,2,CollgCr,324962
7342,1987,10,10,3753,0,3,3,6,Veenker,321479
2005,1953,8,5,998,2,0,5,14,Veenker,367152
9489,1970,2,6,2321,3,0,5,6,NoRidge,121745
10659,1988,7,1,3309,0,3,5,10,CollgCr,224220
14362,1984,3,7,1365,2,1,1,2,NoRidge,306445
10195,1914,8,4,1325,4,1,3,6,Crawfor,315721
7966,1964,7,2,2358,2,3,3,8,Veenker,123916
10837,1975,8,5,2618,2,1,5,12,Mitchel,185148
2117,2021,7,3,2795,2,2,4,7,Mitchel,476141
13120,1970,6,6,645,1,2,1,7,CollgCr,495085
4551,1914,7,8,2141,2,0,4,13,CollgCr,109314
7560,1920,5,7,1819,2,1,2,8,Mitchel,353349
6289,1918,7,3,3129,1,2,3,7,CollgCr,454311
2846,1959,1,8,969,1,3,3,6,Veenker,163583
12954,1992,1,2,692,4,1,4,11,Crawfor,134715
8316,1988,9,10,1591,3,2,1,6,Crawfor,286576
8469,1932,5,9,3041,0,2,3,10,NoRidge,106680
11333,1948,5,4,551,0,3,4,9,Veenker,78400
12002,1995,3,1,3429,2,0,1,13,CollgCr,157345
10915,2012,5,8,2910,4,3,4,11,CollgCr,248418
2224,1934,3,7,2320,2,0,1,5,NoRidge,137110
14819,1943,9,5,3464,0,2,5,5,NoRidge,170120
6208,2001,9,10,3021,1,0,1,11,CollgCr,340706
8283,1989,6,5,2369,3,2,2,6,CollgCr,483879
14846,1910,1,7,3068,4,2,5,14,Veenker,68510
4048,1998,7,5,2286,1,1,4,14,NoRidge,111608
8233,1971,7,8,1954,3,0,5,4,Veenker,364326
14941,2009,10,6,2367,4,0,5,9,CollgCr,285699
14607,1977,10,5,3869,4,0,4,8,Mitchel,76883
11765,1973,4,9,3238,0,3,4,6,Mitchel,252499
3828,1965,8,2,3769,1,1,2,11,CollgCr,216916
3917,1945,6,1,3699,4,1,4,4,NoRidge,461944
6234,1908,4,8,3079,4,1,3,6,Mitchel,279995
8988,1902,4,3,2507,3,3,3,4,NoRidge,61094
4026,1984,2,7,1934,0,0,2,11,Mitchel,445623
5744,1925,2,10,1339,2,0,1,6,NoRidge,498628
11093,1971,4,8,3636,0,0,1,2,Mitchel,62644
14977,1947,5,6,740,2,1,3,7,NoRidge,282380
12231,1965,8,10,3940,1,1,4,11,Veenker,135834
2009,1969,6,9,1035,1,2,2,5,NoRidge,421126
2260,1927,4,7,1907,4,3,1,5,Veenker,102748
8038,2016,7,10,582,1,3,1,9,Veenker,371165
11865,1992,8,5,1481,4,1,5,3,CollgCr,112651
4219,1925,2,8,1450,0,2,3,5,Veenker,348951
9041,1924,7,2,1110,1,0,4,3,Crawfor,477288
4060,1911,2,7,1073,0,1,2,2,Veenker,481614
7287,1904,2,4,2833,0,3,1,11,NoRidge,78669
13905,1997,8,9,1488,1,3,5,14,Veenker,211233
3619,1947,2,1,958,0,3,3,14,NoRidge,450498
10512,1936,9,7,3783,1,0,3,4,NoRidge,338683
3342,1978,1,6,2673,1,3,2,13,Crawfor,446523
12568,1943,9,8,3984,1,0,1,9,Veenker,329889
4832,1999,1,5,2022,2,0,2,7,Veenker,220505
4824,1914,10,1,2972,0,0,2,13,Mitchel,283670
3994,1942,10,1,3101,3,1,5,8,Mitchel,346699
13150,1947,2,9,3157,1,0,3,3,CollgCr,444289
12230,1986,6,10,2484,0,2,4,7,NoRidge,344827
5490,1969,6,6,2066,4,3,3,9,Crawfor,75741
13869,1945,1,10,3729,1,1,3,9,Mitchel,203358
11310,2013,7,5,2659,1,3,5,5,Veenker,53599
9984,2007,8,1,2949,3,0,4,7,CollgCr,178513
3604,2022,2,6,621,2,1,1,6,Crawfor,339437
14219,1942,8,6,772,2,2,4,10,Veenker,327533
2235,2008,9,3,1817,1,0,1,9,Veenker,324462
12161,1920,6,8,897,0,3,4,3,NoRidge,492091
14621,1922,5,1,3018,4,2,2,13,NoRidge,315199
3908,2006,9,1,1484,4,0,4,14,Mitchel,171164
10567,2018,9,6,1730,0,2,5,8,Mitchel,132579
5530,1979,1,10,1633,1,0,1,8,Veenker,187392
7256,1946,3,1,1801,4,1,3,12,Veenker,154817
4635,2016,9,6,2410,2,0,5,13,Mitchel,54642
10162,2023,2,1,3116,0,1,1,2,Mitchel,59321
11762,1914,4,6,2005,3,0,1,2,Veenker,392112
4560,1924,4,3,3685,1,0,3,13,Crawfor,269365
7415,1935,2,8,2416,0,3,2,5,Veenker,152770
5391,1974,3,6,3444,4,2,5,6,Crawfor,469260
13157,1950,3,1,1319,1,2,3,5,Crawfor,203043
13835,1914,1,5,3400,2,2,3,8,Veenker,306054
7951,1967,6,8,3257,1,0,2,4,CollgCr,421906
7468,1920,8,3,2456,1,0,5,8,Mitchel,164183
10007,1912,3,6,2868,2,0,3,14,NoRidge,167159
14042,1985,5,5,678,2,1,2,9,Veenker,337871
11064,1918,1,6,1396,1,1,5,7,Crawfor,465775
11444,1933,10,10,2766,2,3,4,7,Veenker,123820
8413,1977,7,1,3336,0,0,1,9,Mitchel,159062
8941,2024,10,7,2472,2,2,2,9,Crawfor,264273
11506,1967,1,9,2051,2,2,1,8,NoRidge,77476
6820,2011,9,2,991,1,3,4,7,NoRidge,192063
4898,2016,8,10,560,0,2,3,7,NoRidge,266169
9546,1951,7,5,1577,3,3,3,11,CollgCr,170355
2077,2009,10,10,2203,3,0,5,12,Crawfor,120047
9577,1926,7,4,3085,4,2,2,14,Crawfor,191868
12813,1928,5,6,3395,2,0,2,14,CollgCr,53881
6227,2010,5,6,3535,2,1,5,7,Crawfor,65668
2600,1927,5,2,564,0,2,1,9,CollgCr,281789
3065,1934,1,2,1085,3,1,3,2,Veenker,215384
4136,1907,8,4,2227,4,2,3,6,Mitchel,78106
12641,1915,1,1,2718,0,0,2,4,NoRidge,273830
12535,2005,4,9,3844,2,3,2,13,CollgCr,327873
12055,1935,9,7,1034,3,0,5,9,CollgCr,179354
11510,1929,9,7,3962,4,0,4,12,CollgCr,120320
14903,1917,5,3,3240,1,0,1,7,Veenker,367057
13789,1901,4,3,3898,3,2,4,3,CollgCr,371546
8943,1948,3,1,2655,4,3,4,14,Mitchel,171649
13954,1976,3,3,2370,0,1,2,8,Mitchel,416074
9804,1903,5,3,3733,1,0,2,8,NoRidge,218354
8565,1989,10,4,3361,4,2,2,14,Veenker,219290
7984,1988,1,4,1504,4,1,4,6,Mitchel,461166
7142,1993,5,3,2999,2,0,1,9,Crawfor,109739
6670,1974,6,10,1729,3,1,2,6,Crawfor,298765
4190,1906,7,8,3137,2,0,3,2,Crawfor,316651
11184,1994,9,8,1539,1,1,1,10,CollgCr,227375
4712,2007,3,1,826,4,1,3,5,CollgCr,152552
4192,1973,2,7,1107,2,3,1,14,Crawfor,129059
3248,1938,3,2,3206,3,3,2,3,NoRidge,205739
13246,1912,9,1,501,1,0,5,5,NoRidge,185064
14790,1930,7,3,1533,0,2,2,14,CollgCr,287898
6033,1970,9,4,2981,2,3,4,10,Crawfor,180514
3997,1962,2,6,624,1,1,4,3,NoRidge,399824
5687,1955,5,10,1604,0,3,1,5,CollgCr,75530
12343,2012,4,5,3032,2,3,4,3,Crawfor,291348
6018,1941,2,4,3199,1,0,2,6,Veenker,65305
13302,1960,9,8,2361,1,3,3,4,Crawfor,159097
3970,1941,9,4,1673,2,3,2,11,Crawfor,303805
10389,1955,6,10,3347,1,1,1,3,Mitchel,495345
7765,1935,6,2,3420,4,3,4,10,Mitchel,268339
12818,1983,8,3,3911,2,1,3,6,Veenker,102044
3202,1967,6,6,628,1,3,5,11,Veenker,180436
10135,2017,1,8,937,0,3,3,6,Crawfor,139363
7567,1906,4,8,1250,0,2,3,2,NoRidge,370961
9667,1953,7,9,3048,4,3,2,7,Veenker,153038
7742,1900,2,7,3629,2,1,5,14,Crawfor,96666
7788,1943,9,2,1721,1,1,1,8,CollgCr,469389
7408,2019,8,8,2758,1,0,1,2,Mitchel,331053
12227,1944,8,7,1401,0,0,3,10,NoRidge,474223
10669,2005,7,8,2592,4,2,3,9,Crawfor,456201
11446,1946,4,3,3668,0,1,4,13,CollgCr,72525
2922,2022,2,7,1802,0,1,5,9,Mitchel,162293
2419,1912,3,10,3082,4,1,3,8,CollgCr,151046
4204,2018,6,9,1933,2,2,4,6,Crawfor,87403
12789,1921,5,3,3008,1,1,5,4,Veenker,218265
3120,2017,8,10,890,2,0,1,13,Mitchel,447046
13260,1920,6,6,1567,3,2,4,10,CollgCr,499360
2950,1985,6,2,526,3,0,5,8,Veenker,181605
4336,1991,1,2,3341,3,0,4,12,NoRidge,293626
7373,1908,4,5,3668,4,2,3,11,Crawfor,202018
4243,1925,5,5,3522,0,3,2,11,Crawfor,335648
4645,1908,3,7,1047,2,3,1,9,Mitchel,160551
12049,1914,9,2,3168,1,0,3,7,CollgCr,367859
6612,1909,1,7,1066,3,3,3,13,NoRidge,209327
3865,1987,6,5,1203,2,1,5,12,Mitchel,499657
13104,2021,6,6,1742,3,2,4,6,Mitchel,86855
13045,2020,10,8,684,3,0,1,9,CollgCr,91721
8028,2024,5,10,3640,1,1,3,4,NoRidge,161597
9326,1941,5,4,3701,4,3,5,13,CollgCr,222922
8371,1971,10,7,2090,0,1,1,14,Crawfor,412803
8359,1923,5,6,2413,4,3,4,14,Veenker,346867
9863,1979,6,10,1347,2,0,3,8,Crawfor,216811
5228,1948,8,2,1098,4,1,3,3,Crawfor,310429
5719,1925,2,8,1305,2,2,3,4,Mitchel,55539
13420,1990,6,10,1857,2,0,1,14,Crawfor,166360
4371,1936,1,9,3725,0,1,1,13,NoRidge,413284
4891,1967,4,5,2626,1,1,1,3,Crawfor,202383
5756,1949,10,10,3126,0,3,1,6,NoRidge,284315
6225,1923,3,4,2378,4,0,5,8,CollgCr,381324
2094,1918,9,6,2960,2,0,2,12,Mitchel,429129
4674,1999,3,8,1045,3,0,5,11,NoRidge,398125
8898,1959,6,3,2132,3,0,3,12,Crawfor,348078
12147,1938,1,10,2716,2,3,5,12,Mitchel,452727
2793,1973,6,1,3228,0,2,4,12,Mitchel,443399
12026,1988,4,4,3130,1,0,1,11,NoRidge,321619
4116,1917,8,4,3062,0,3,4,14,NoRidge,244202
7779,1918,9,1,3885,2,2,4,2,Veenker,371721
14298,1935,4,9,2579,2,2,3,14,Veenker,308040
13517,1973,10,3,2834,1,3,1,11,Mitchel,338152
13111,1996,10,5,3141,4,0,4,10,Veenker,257940
12789,1954,6,6,3614,4,2,3,2,Crawfor,491157
13397,2013,1,8,2426,1,0,1,2,CollgCr,92756
14999,1968,4,6,1116,4,0,2,13,Mitchel,251330
8166,1946,7,3,3572,3,1,3,11,CollgCr,130730
2814,1948,1,6,2817,4,0,5,9,Veenker,471128
2345,1998,8,1,1703,4,1,1,7,NoRidge,132702
12541,2007,10,4,2259,4,2,4,7,Mitchel,231731
10554,1997,6,6,3065,3,3,4,13,Veenker,358984
4443,1932,5,7,3674,4,1,5,10,Crawfor,262584
12457,2018,10,10,3581,3,3,5,5,Mitchel,350767
12380,1920,9,3,3130,1,2,4,9,Mitchel,375447
9783,1980,2,9,3661,0,0,1,5,NoRidge,358206
13197,1921,5,7,725,1,2,3,3,Mitchel,106690
13473,1947,6,1,1169,0,3,5,12,NoRidge,258654
2984,1936,7,2,2263,1,2,5,9,Veenker,148980
9790,1914,5,1,1416,0,0,5,13,Crawfor,466850
11831,1934,9,9,2673,0,2,2,8,Crawfor,447306
2827,1991,1,9,3503,2,0,1,5,Mitchel,357410
12922,1970,7,7,3780,0,1,1,10,Mitchel,211080
5531,1931,10,10,3668,0,3,1,10,Veenker,399787
9147,1910,7,3,2621,2,0,1,9,NoRidge,108704
6451,1909,4,5,1714,4,0,1,2,Crawfor,292153
13127,1972,9,4,2205,4,2,4,8,NoRidge,429518
5876,1977,5,7,2342,2,1,5,6,Veenker,320526
7959,1976,4,9,2483,3,0,4,8,Crawfor,490990
2126,2024,7,2,555,0,1,2,13,Crawfor,255134
5177,1956,4,8,1219,0,1,3,10,CollgCr,401753
13248,1924,3,9,3100,2,2,5,3,Veenker,96698
10795,1901,9,10,2579,2,0,2,14,Veenker,313254
13641,1963,8,10,1073,3,2,4,12,CollgCr,427410
8024,1934,1,9,1166,4,3,3,5,NoRidge,181458
7109,1906,7,10,783,1,3,2,5,CollgCr,265192
6146,1984,9,7,2244,4,0,3,3,Veenker,292282
9196,1917,8,9,2734,0,1,2,4,NoRidge,359945
13725,1966,8,9,997,2,0,4,12,Crawfor,426156
13559,1941,6,3,1965,3,0,3,14,CollgCr,408229
5368,2017,4,4,629,4,3,2,9,NoRidge,252929
5797,2024,8,2,1138,3,3,4,13,NoRidge,81566
3792,1938,3,10,3863,4,1,5,10,NoRidge,475737
13053,1940,9,3,2661,0,1,4,7,CollgCr,291300
7732,2012,2,5,3770,1,0,4,11,Crawfor,73798
5476,1974,2,5,2560,3,2,5,3,NoRidge,456781
5417,2002,7,6,3842,3,0,4,3,CollgCr,73027
3645,1923,10,7,3786,1,1,5,8,Veenker,317775
11397,1959,4,7,2991,3,2,5,9,CollgCr,270937
5030,1945,10,1,2994,3,3,5,9,CollgCr,289628
4872,1918,8,2,1485,4,1,2,7,CollgCr,106878
5072,1967,9,9,1492,4,1,3,11,NoRidge,95206
3854,1989,7,10,3262,1,2,2,9,CollgCr,153473
6021,2001,5,2,2621,0,1,5,2,Veenker,108334
6662,1941,8,6,3084,3,1,3,10,NoRidge,384467
8514,1931,4,1,600,0,1,3,14,Veenker,103619
7031,1938,2,3,2723,1,1,5,13,Mitchel,153536
4708,2008,6,2,926,1,1,3,2,CollgCr,470091
13694,2009,9,3,3688,4,1,3,14,NoRidge,205586
9112,1935,1,5,3737,3,1,2,4,NoRidge,203652
11524,2003,10,10,540,2,1,3,13,CollgCr,309201
10393,2000,7,6,928,1,3,5,10,Crawfor,266899
5507,1996,10,9,843,3,1,1,12,Crawfor,447504
8456,1935,9,10,3995,0,3,1,6,Veenker,56734
6212,1902,10,4,865,4,3,1,10,CollgCr,264072
9970,1972,9,7,3691,0,0,5,10,CollgCr,351152
10766,1907,10,6,1108,1,0,1,7,Mitchel,361493
2536,1996,3,2,3204,1,3,2,12,Crawfor,188886
3625,2022,5,10,1227,0,3,5,2,Crawfor,486370
12314,1969,8,8,2776,1,1,5,11,CollgCr,188923
9973,1940,8,7,1324,3,0,5,8,Veenker,436622
10577,2002,4,7,3701,1,2,3,7,CollgCr,182672
10070,1967,1,8,1875,4,0,3,10,Veenker,106614
13473,1912,1,1,1388,3,3,3,8,Crawfor,253474
10666,1948,4,1,2543,2,3,4,13,Mitchel,315836
10609,1959,6,8,1841,1,1,2,12,NoRidge,176745
8490,1901,8,4,3531,1,1,5,13,Crawfor,239099
5600,1959,6,5,3383,4,0,5,14,Veenker,298843
8783,1904,9,8,3908,4,1,3,5,CollgCr,332517
11146,1943,9,5,1796,0,2,5,8,Crawfor,279708
6971,1926,2,10,616,0,2,5,3,Mitchel,424557
3205,1931,10,4,3365,0,1,1,7,Veenker,64507
14951,1920,1,6,2915,4,2,5,7,CollgCr,375075
14312,1907,2,5,1617,0,2,4,3,NoRidge,125499
3990,2001,5,7,667,0,0,3,5,Veenker,252714
7299,1971,4,10,3501,2,2,2,9,CollgCr,253941
14997,1949,4,7,2238,0,3,2,9,NoRidge,426506
5572,1966,9,4,1864,1,3,1,14,CollgCr,409593
7975,2017,8,5,3208,4,0,2,9,NoRidge,408963
8320,1943,6,3,1194,3,1,2,9,NoRidge,351567
6380,2024,1,4,1424,2,0,3,2,NoRidge,153612
14350,1957,2,4,651,4,1,3,3,CollgCr,136120
6757,1902,6,3,1085,4,1,4,13,NoRidge,429553
4713,1985,2,10,1412,1,1,1,5,Veenker,403062
12395,1969,10,5,2821,0,1,2,13,Mitchel,116600
7588,1901,5,5,2077,1,1,4,10,Mitchel,91848
13312,1986,5,7,995,0,0,1,4,NoRidge,56820
2966,1943,6,4,2648,0,1,2,7,Mitchel,320656
6944,1901,6,4,1056,4,2,2,8,Mitchel,217797
5432,2001,6,9,1605,0,2,3,9,NoRidge,363678
2688,1980,2,6,2052,2,1,5,14,NoRidge,266223
6243,1934,10,4,2620,2,2,1,8,Veenker,437335
5701,1997,3,2,3585,2,3,2,4,Crawfor,220848
10533,1986,6,6,656,4,0,1,7,CollgCr,110945
7182,1929,8,2,1234,1,0,4,6,NoRidge,295420
11916,2015,1,5,2679,3,1,4,14,NoRidge,395564
8704,1907,1,6,3909,0,1,5,13,Mitchel,228527
6422,1921,2,4,3566,3,3,2,11,Veenker,395632
11984,1943,6,3,1927,1,1,3,5,Mitchel,233505
3759,1957,9,7,3947,1,2,2,2,NoRidge,321855
13404,1935,4,2,1058,4,3,1,14,NoRidge,240334
11181,1968,3,6,2654,2,2,4,8,Mitchel,136009
12454,1976,8,4,2812,2,0,1,9,NoRidge,264857
4482,1992,10,6,3776,1,2,5,3,Crawfor,59597
10058,1930,9,4,3650,4,0,4,8,CollgCr,110067
2951,1946,5,4,654,4,2,3,7,CollgCr,268592
10914,2020,9,4,3535,0,0,4,6,CollgCr,98022
13581,1954,2,9,1496,2,1,2,14,Crawfor,262996
4079,1979,3,7,2794,1,2,2,5,NoRidge,424817
4717,2005,7,3,1030,3,0,4,3,Mitchel,461998
12524,1961,7,3,3405,2,2,5,11,Veenker,101782
13568,1929,6,6,2471,0,3,2,7,NoRidge,236085
6524,2020,6,6,3085,4,1,2,6,Crawfor,422860
11692,1954,2,4,1228,1,0,3,3,Crawfor,430174
10477,1915,10,9,1677,2,3,4,11,CollgCr,384180
9311,1911,6,4,653,3,2,2,8,NoRidge,347486
13687,1916,4,9,591,0,3,5,7,CollgCr,135745
9186,1915,3,4,2885,0,2,1,13,Veenker,464193
4065,1911,2,2,2003,2,1,4,12,CollgCr,284648
2768,1907,1,2,2216,3,3,3,10,Veenker,369540
7490,1983,5,5,3702,0,1,2,12,Crawfor,164836
13249,1902,2,4,2997,1,0,5,11,CollgCr,156998
14481,1915,2,7,2516,0,2,4,6,CollgCr,100021
8645,1929,7,5,3357,3,2,5,10,Mitchel,180672
7083,2008,8,6,1286,4,1,5,10,Crawfor,430703
7232,1922,10,10,772,4,1,3,14,Mitchel,378980
12353,1991,8,4,2527,2,0,4,2,Veenker,470291
13485,2014,4,2,3135,3,3,2,6,Veenker,270587
7797,2003,1,10,676,0,2,3,10,Crawfor,474018
11138,2017,7,9,3378,0,2,2,8,Veenker,258833
6926,1904,1,10,1142,4,0,1,7,Crawfor,127017
8016,1983,4,7,2398,4,0,5,7,Veenker,291421
5335,2003,8,4,3620,1,1,1,12,NoRidge,236894
14342,2019,2,3,1066,4,1,5,8,CollgCr,494819
10038,2007,6,10,1165,1,3,3,2,NoRidge,414833
6873,1964,6,3,3926,0,0,2,5,Crawfor,130291
3481,2020,9,9,1831,1,3,2,14,Crawfor,402594
12093,1929,5,5,3415,1,0,3,2,NoRidge,216664
8305,1920,10,3,2298,2,2,4,7,CollgCr,106006
5451,1983,4,5,1569,4,0,1,14,CollgCr,469485
14256,1969,5,2,2849,1,0,1,5,Mitchel,154268
2054,1921,10,4,3415,0,2,2,2,Veenker,362282
9643,1981,5,10,3459,3,0,2,10,Mitchel,112398
12015,1971,8,2,907,1,3,2,13,CollgCr,271163
5462,2002,10,2,1712,4,1,3,5,NoRidge,200946
13271,1931,8,8,3369,2,1,4,13,Veenker,369372
2832,1932,2,1,2353,0,3,1,7,NoRidge,374814
14600,2016,7,7,1652,2,2,5,14,Mitchel,175613
12998,1915,8,5,3108,3,0,3,8,Crawfor,152071
7954,1975,6,8,3837,1,3,1,9,NoRidge,160572
12682,1937,5,1,1641,1,1,4,13,Mitchel,297766
10519,2015,9,7,3011,4,1,3,14,Mitchel,188997
9221,1997,3,5,643,1,3,1,12,Mitchel,315251
5310,2024,10,4,2989,0,1,3,10,Crawfor,136388
5300,1913,4,7,3771,3,3,1,10,Crawfor,145719
8722,1935,9,10,3728,2,1,1,9,Crawfor,168018
9218,1996,6,2,986,3,3,4,11,Veenker,339761
9776,1922,8,1,1359,1,0,5,12,Crawfor,124258
5675,2013,7,1,3705,2,0,4,13,Crawfor,362219
5054,2008,2,1,2435,4,0,1,13,Crawfor,176998
9970,1965,3,5,647,3,0,3,4,NoRidge,334775
4143,2004,1,10,1859,2,1,4,13,Crawfor,173120
7207,1984,9,7,3642,2,2,5,3,Veenker,243516
11503,1901,7,2,3804,2,3,1,6,Mitchel,409302
13383,1990,1,10,1857,0,2,4,2,NoRidge,451099
4538,2020,3,8,3358,3,1,4,4,CollgCr,462924
14175,1972,4,4,3213,2,1,4,2,Crawfor,96221
6547,1964,4,3,589,3,2,4,14,Mitchel,198269
7619,1974,5,10,1857,2,2,3,4,Mitchel,464350
10356,1966,3,8,698,4,1,5,14,NoRidge,418066
14469,1951,3,2,3732,4,1,5,5,CollgCr,83550
8612,1961,1,3,1037,4,3,1,8,Veenker,326786
7005,1922,7,3,3692,1,0,2,13,Mitchel,463655
2822,1925,10,10,800,2,0,3,13,Mitchel,156093
2943,1967,1,1,1223,1,3,1,6,Mitchel,467799
8150,1981,2,6,2098,3,2,1,6,Mitchel,311188
6425,1954,4,2,3510,1,1,4,14,NoRidge,143885
10966,1905,4,1,1959,3,2,2,2,CollgCr,129538
4198,1934,5,2,567,3,0,2,9,Mitchel,374158
13348,1921,2,6,3006,3,0,3,14,Veenker,331667
6242,1942,4,4,2037,1,2,2,5,Veenker,422429
5695,1914,1,6,897,2,0,1,11,Crawfor,251615
5452,1985,2,9,1119,1,1,2,6,Mitchel,155879
11106,1959,1,10,3857,2,3,2,3,Mitchel,140629
3308,2000,10,10,2084,2,2,5,13,Mitchel,388974
6177,2015,10,8,1663,3,1,1,14,Mitchel,357682
10705,2005,4,1,1229,1,1,2,2,Mitchel,359454
12112,1911,4,8,1055,2,0,2,10,Veenker,454124
8852,2010,7,9,2452,4,1,4,3,CollgCr,165266
8035,1948,10,6,3328,2,2,2,7,CollgCr,238362
5594,1941,9,10,2251,4,1,2,2,Crawfor,496850
6841,1937,9,5,3441,1,3,5,2,Veenker,324843
3409,1981,5,6,3157,1,1,1,10,Mitchel,281241
14994,1944,10,6,3295,1,1,3,5,CollgCr,301249
6566,1934,1,9,2829,2,3,1,10,NoRidge,116912
13382,1929,1,4,3208,0,1,4,12,NoRidge,195327
